"Monthly figures on deaths registered by area of usual residence, 2009",...2,...3,...4,...5,...6,...7,...8,...9,...10,...11,...12,...13,...14,...15,England and Wales
NA,NA,NA,NA,NA,NA,NA,NA,NA,NA,NA,NA,NA,NA,NA,NA
Area Codes 1,NA,NA,NA,Jan-09,Feb-09,Mar-09,Apr-09,May-09,Jun-09,Jul-09,Aug-09,Sep-09,Oct-09,Nov-09,Dec-09
NA,NA,NA,NA,NA,NA,NA,NA,NA,NA,NA,NA,NA,NA,NA,NA
NA,TOTAL REGISTRATIONS,NA,NA,55045,41433,42395,40270,36568,38851,37975,33606,39127,40187,40122,45769
NA,NA,NA,NA,NA,NA,NA,NA,NA,NA,NA,NA,NA,NA,NA,NA
NA,ENGLAND AND WALES,NA,NA,54938,41348,42302,40209,36500,38755,37877,33516,39013,40090,40030,45669
NA,NA,NA,NA,NA,NA,NA,NA,NA,NA,NA,NA,NA,NA,NA,NA
921,ENGLAND,NA,NA,51385,38726,39603,37717,34193,36299,35426,31479,36570,37565,37487,42791
NA,NA,NA,NA,NA,NA,NA,NA,NA,NA,NA,NA,NA,NA,NA,NA
A,NORTH EAST,NA,NA,2772,2198,2241,2179,2031,2026,2037,1809,2064,2154,2075,2425
NA,NA,NA,NA,NA,NA,NA,NA,NA,NA,NA,NA,NA,NA,NA,NA
00EJ,NA,County Durham UA 2,NA,623,449,429,448,388,412,387,377,469,437,412,483
NA,NA,Former districts of:,NA,NA,NA,NA,NA,NA,NA,NA,NA,NA,NA,NA,NA
20UB,NA,NA,Chester-le-Street,65,33,46,48,37,40,53,38,52,39,44,57
20UD,NA,NA,Derwentside,114,79,75,83,66,76,64,63,71,70,75,89
20UE,NA,NA,Durham,91,85,60,50,55,65,57,52,74,61,53,56
20UF,NA,NA,Easington,123,86,78,99,80,82,72,89,98,84,87,96
20UG,NA,NA,Sedgefield,102,82,81,61,74,62,76,65,85,99,83,87
20UH,NA,NA,Teesdale,26,21,28,36,24,17,19,24,19,20,22,20
20UJ,NA,NA,Wear Valley,102,63,61,71,52,70,46,46,70,64,48,78
NA,NA,NA,NA,NA,NA,NA,NA,NA,NA,NA,NA,NA,NA,NA,NA
00EH,NA,Darlington UA,NA,102,75,112,108,80,76,85,71,88,89,83,115
00EB,NA,Hartlepool UA,NA,100,85,86,75,61,66,64,66,95,79,89,65
00EC,NA,Middlesbrough UA,NA,147,128,130,107,105,103,116,96,105,107,93,163
00EM,NA,Northumberland UA 3,NA,322,283,284,277,235,250,257,247,227,263,265,294
NA,NA,Former districts of:,NA,NA,NA,NA,NA,NA,NA,NA,NA,NA,NA,NA,NA
35UB,NA,NA,Alnwick,39,35,25,27,27,18,22,31,30,31,27,28
35UC,NA,NA,Berwick-upon-Tweed,38,20,30,28,28,31,32,21,21,16,23,28
35UD,NA,NA,Blyth Valley,68,69,63,63,52,74,58,58,55,85,62,78
35UE,NA,NA,Castle Morpeth,59,44,47,40,34,38,43,33,25,34,40,39
35UF,NA,NA,Tynedale,61,47,59,58,45,43,50,50,48,41,47,46
35UG,NA,NA,Wansbeck,57,68,60,61,49,46,52,54,48,56,66,75
NA,NA,NA,NA,NA,NA,NA,NA,NA,NA,NA,NA,NA,NA,NA,NA
00EE,NA,Redcar and Cleveland UA,NA,122,139,121,100,135,97,95,88,84,110,107,134
00EF,NA,Stockton-on-Tees UA,NA,186,127,132,138,120,146,139,119,132,121,149,170
NA,NA,NA,NA,NA,NA,NA,NA,NA,NA,NA,NA,NA,NA,NA,NA
2D,NA,Tyne and Wear (Met County),NA,1170,912,947,926,907,876,894,745,864,948,877,1001
00CH,NA,NA,Gateshead,213,169,176,197,162,159,166,147,143,185,175,198
00CJ,NA,NA,Newcastle upon Tyne,265,222,231,207,204,205,201,172,184,192,216,228
00CK,NA,NA,North Tyneside,215,187,177,161,180,159,133,137,166,163,176,182
00CL,NA,NA,South Tyneside,179,131,125,133,129,125,136,126,131,155,103,147
00CM,NA,NA,Sunderland,298,203,238,228,232,228,258,163,240,253,207,246
NA,NA,NA,NA,NA,NA,NA,NA,NA,NA,NA,NA,NA,NA,NA,NA
B,NORTH WEST,NA,NA,7327,5677,5885,5595,5094,5289,5291,4767,5348,5569,5545,6550
NA,NA,NA,NA,NA,NA,NA,NA,NA,NA,NA,NA,NA,NA,NA,NA
00EX,NA,Blackburn with Darwen UA,NA,123,95,108,117,94,115,99,98,104,107,127,125
00EY,NA,Blackpool UA,NA,183,142,157,148,144,143,148,121,135,131,159,192
00EQ,NA,Cheshire East UA 4,NA,351,284,319,337,252,273,290,271,283,272,288,366
NA,NA,Former districts of:,NA,NA,NA,NA,NA,NA,NA,NA,NA,NA,NA,NA,NA
13UC,NA,NA,Congleton,94,65,73,84,60,66,58,81,72,58,69,85
13UD,NA,NA,Crewe and Nantwich,119,87,105,119,84,89,79,84,91,94,100,105
13UG,NA,NA,Macclesfield,138,132,141,134,108,118,153,106,120,120,119,176
NA,NA,NA,NA,NA,NA,NA,NA,NA,NA,NA,NA,NA,NA,NA,NA
00EW,NA,Cheshire West and Chester UA 5,NA,326,247,250,247,241,223,251,208,228,259,261,309
NA,NA,Former districts of:,NA,NA,NA,NA,NA,NA,NA,NA,NA,NA,NA,NA,NA
13UB,NA,NA,Chester,120,92,86,89,90,83,81,68,85,98,117,125
13UE,NA,NA,Ellesmere Port & Neston,74,61,65,58,62,53,72,60,58,76,55,68
13UH,NA,NA,Vale Royal,132,94,99,100,89,87,98,80,85,85,89,116
NA,NA,NA,NA,NA,NA,NA,NA,NA,NA,NA,NA,NA,NA,NA,NA
00ET,NA,Halton UA,NA,113,95,99,98,94,84,81,72,89,98,102,99
00EU,NA,Warrington UA,NA,176,137,130,129,118,128,131,129,140,149,139,157
NA,NA,NA,NA,NA,NA,NA,NA,NA,NA,NA,NA,NA,NA,NA,NA
16,NA,Cumbria,NA,568,497,471,391,398,421,453,384,404,447,415,477
16UB,NA,NA,Allerdale,106,94,87,91,78,89,76,67,84,98,99,101
16UC,NA,NA,Barrow-in-Furness,66,52,65,58,56,64,63,45,54,54,52,57
16UD,NA,NA,Carlisle,116,106,114,74,85,103,96,86,80,102,78,101
16UE,NA,NA,Copeland,70,70,61,52,49,54,58,65,49,57,56,64
16UF,NA,NA,Eden,59,50,41,34,33,29,56,40,35,38,37,48
16UG,NA,NA,South Lakeland,151,125,103,82,97,82,104,81,102,98,93,106
NA,NA,NA,NA,NA,NA,NA,NA,NA,NA,NA,NA,NA,NA,NA,NA
2A,NA,Greater Manchester (Met County),NA,2587,1952,2114,1978,1765,1893,1860,1697,1906,2040,1971,2262
00BL,NA,NA,Bolton,265,217,219,200,210,196,180,187,206,235,182,248
00BM,NA,NA,Bury,201,131,165,140,118,135,118,126,150,129,126,170
00BN,NA,NA,Manchester,399,316,344,321,276,310,288,268,301,291,313,353
00BP,NA,NA,Oldham,238,178,174,169,156,171,146,160,168,185,192,172
00BQ,NA,NA,Rochdale,200,164,155,165,153,147,139,114,141,179,164,173
00BR,NA,NA,Salford,266,185,219,185,184,184,188,159,177,196,171,213
00BS,NA,NA,Stockport,292,211,240,227,162,188,227,216,207,236,224,271
00BT,NA,NA,Tameside,228,173,194,185,168,185,171,155,173,169,202,206
00BU,NA,NA,Trafford,193,144,165,167,123,140,159,113,123,169,151,187
00BW,NA,NA,Wigan,305,233,239,219,215,237,244,199,260,251,246,269
NA,NA,NA,NA,NA,NA,NA,NA,NA,NA,NA,NA,NA,NA,NA,NA
30,NA,Lancashire,NA,1260,1037,1041,977,918,916,938,816,915,998,935,1135
30UD,NA,NA,Burnley,92,84,81,72,74,82,67,54,70,84,88,97
30UE,NA,NA,Chorley,98,79,94,72,80,69,64,62,61,84,71,103
30UF,NA,NA,Fylde,100,75,102,100,55,75,87,64,91,71,81,94
30UG,NA,NA,Hyndburn,86,77,67,80,57,61,64,61,73,59,71,82
30UH,NA,NA,Lancaster,144,119,128,118,103,106,129,109,92,106,111,147
30UJ,NA,NA,Pendle,91,83,62,63,67,88,69,63,70,64,59,74
30UK,NA,NA,Preston,138,106,110,96,99,81,98,81,88,118,75,106
30UL,NA,NA,Ribble Valley,68,50,50,54,51,43,43,39,41,67,47,65
30UM,NA,NA,Rossendale,82,60,64,65,62,55,46,35,60,66,53,60
30UN,NA,NA,South Ribble,110,89,77,70,66,78,60,63,81,93,70,89
30UP,NA,NA,West Lancashire,104,85,93,87,98,78,91,74,84,86,100,103
30UQ,NA,NA,Wyre,147,130,113,100,106,100,120,111,104,100,109,115
NA,NA,NA,NA,NA,NA,NA,NA,NA,NA,NA,NA,NA,NA,NA,NA
2B,NA,Merseyside (Met County),NA,1640,1191,1196,1173,1070,1093,1040,971,1144,1068,1148,1428
00BX,NA,NA,Knowsley,167,117,97,102,119,94,109,96,119,102,103,158
00BY,NA,NA,Liverpool,532,312,370,326,338,321,315,309,360,334,356,432
00CA,NA,NA,Sefton,328,282,274,270,203,244,227,216,242,221,253,310
00BZ,NA,NA,St. Helens,210,175,162,161,123,136,130,129,161,126,146,174
00CB,NA,NA,Wirral,403,305,293,314,287,298,259,221,262,285,290,354
NA,NA,NA,NA,NA,NA,NA,NA,NA,NA,NA,NA,NA,NA,NA,NA
D,YORKSHIRE AND THE HUMBER,NA,NA,5233,4128,4189,3926,3649,3839,3729,3308,3902,4049,3997,4676
NA,NA,NA,NA,NA,NA,NA,NA,NA,NA,NA,NA,NA,NA,NA,NA
00FB,NA,East Riding of Yorkshire UA,NA,387,289,313,274,269,238,290,222,263,297,268,350
00FA,NA,"Kingston upon Hull, City of UA",NA,272,185,243,209,187,210,175,162,178,208,175,241
00FC,NA,North East Lincolnshire UA,NA,186,157,159,140,111,126,105,85,138,128,120,162
00FD,NA,North Lincolnshire UA,NA,171,148,147,136,130,107,136,104,130,155,154,154
00FF,NA,York UA,NA,198,155,141,129,134,120,106,137,144,138,127,158
NA,NA,NA,NA,NA,NA,NA,NA,NA,NA,NA,NA,NA,NA,NA,NA
36,NA,North Yorkshire,NA,653,472,520,458,446,443,439,382,474,511,510,615
36UB,NA,NA,Craven,60,53,50,47,49,46,46,52,63,50,60,52
36UC,NA,NA,Hambleton,85,75,74,69,58,64,64,57,69,69,59,77
36UD,NA,NA,Harrogate,175,118,130,115,107,112,111,102,126,145,109,170
36UE,NA,NA,Richmondshire,48,33,41,30,43,39,31,23,28,36,29,50
36UF,NA,NA,Ryedale,60,33,49,40,39,33,47,36,44,59,62,46
36UG,NA,NA,Scarborough,147,90,124,105,100,105,101,75,98,96,127,150
36UH,NA,NA,Selby,78,70,52,52,50,44,39,37,46,56,64,70
NA,NA,NA,NA,NA,NA,NA,NA,NA,NA,NA,NA,NA,NA,NA,NA
2C,NA,South Yorkshire (Met County),NA,1363,1071,1119,964,944,1038,982,920,995,1010,1081,1185
00CC,NA,NA,Barnsley,226,188,198,175,175,231,169,172,213,186,191,222
00CE,NA,NA,Doncaster,309,262,264,229,204,212,225,237,212,227,260,249
00CF,NA,NA,Rotherham,307,211,239,169,195,200,204,191,179,205,203,243
00CG,NA,NA,Sheffield,521,410,418,391,370,395,384,320,391,392,427,471
NA,NA,NA,NA,NA,NA,NA,NA,NA,NA,NA,NA,NA,NA,NA,NA
2F,NA,West Yorkshire (Met County),NA,2003,1651,1547,1616,1428,1557,1496,1296,1580,1602,1562,1811
00CX,NA,NA,Bradford,414,341,353,347,326,385,335,301,344,367,339,399
00CY,NA,NA,Calderdale,190,175,151,163,127,167,145,123,174,152,147,178
00CZ,NA,NA,Kirklees,389,295,273,310,309,275,290,275,298,314,268,349
00DA,NA,NA,Leeds,663,563,526,534,448,490,467,403,515,517,553,608
00DB,NA,NA,Wakefield,347,277,244,262,218,240,259,194,249,252,255,277
NA,NA,NA,NA,NA,NA,NA,NA,NA,NA,NA,NA,NA,NA,NA,NA
E,EAST MIDLANDS,NA,NA,4476,3354,3520,3443,3107,3290,3083,2847,3194,3425,3340,3801
NA,NA,NA,NA,NA,NA,NA,NA,NA,NA,NA,NA,NA,NA,NA,NA
00FK,NA,Derby UA,NA,235,200,191,166,148,172,182,156,167,171,182,191
00FN,NA,Leicester UA,NA,234,208,212,233,202,217,164,201,185,218,203,227
00FY,NA,Nottingham UA,NA,261,178,214,206,187,222,185,148,199,188,186,195
00FP,NA,Rutland UA,NA,38,39,29,24,19,30,15,24,26,29,31,24
NA,NA,NA,NA,NA,NA,NA,NA,NA,NA,NA,NA,NA,NA,NA,NA
17,NA,Derbyshire,NA,831,587,642,609,573,606,580,540,570,592,632,700
17UB,NA,NA,Amber Valley,147,97,101,102,96,98,98,77,100,98,95,126
17UC,NA,NA,Bolsover,78,75,58,65,70,70,56,55,54,69,73,85
17UD,NA,NA,Chesterfield,124,83,90,91,80,98,76,83,83,99,87,102
17UF,NA,NA,Derbyshire Dales,87,47,65,52,64,54,58,54,66,49,69,49
17UG,NA,NA,Erewash,117,76,82,95,75,70,90,58,69,64,96,93
17UH,NA,NA,High Peak,95,70,94,69,55,60,63,77,69,67,72,88
17UJ,NA,NA,North East Derbyshire,105,74,86,80,79,87,79,74,68,77,80,91
17UK,NA,NA,South Derbyshire,78,65,66,55,54,69,60,62,61,69,60,66
NA,NA,NA,NA,NA,NA,NA,NA,NA,NA,NA,NA,NA,NA,NA,NA
31,NA,Leicestershire,NA,606,438,436,456,395,399,407,382,427,458,452,559
31UB,NA,NA,Blaby,84,65,71,59,48,51,59,40,55,73,64,74
31UC,NA,NA,Charnwood,164,103,100,118,95,102,86,97,82,99,106,135
31UD,NA,NA,Harborough,84,59,61,58,56,42,49,57,66,55,43,66
31UE,NA,NA,Hinckley and Bosworth,90,66,61,68,66,72,78,60,78,87,84,88
31UG,NA,NA,Melton,49,25,34,35,31,32,32,27,27,29,32,46
31UH,NA,NA,North West Leicestershire,86,64,65,80,58,55,60,62,81,58,72,96
31UJ,NA,NA,Oadby and Wigston,49,56,44,38,41,45,43,39,38,57,51,54
NA,NA,NA,NA,NA,NA,NA,NA,NA,NA,NA,NA,NA,NA,NA,NA
32,NA,Lincolnshire,NA,847,619,661,595,584,626,509,476,578,662,618,693
32UB,NA,NA,Boston,82,56,73,53,56,68,54,42,61,49,71,62
32UC,NA,NA,East Lindsey,224,144,173,143,156,155,110,121,141,160,151,154
32UD,NA,NA,Lincoln,87,70,66,71,55,85,60,58,63,79,55,81
32UE,NA,NA,North Kesteven,104,76,104,90,87,79,87,56,63,89,91,95
32UF,NA,NA,South Holland,107,85,65,83,71,86,66,57,71,89,83,98
32UG,NA,NA,South Kesteven,141,110,92,78,96,79,78,71,98,119,106,128
32UH,NA,NA,West Lindsey,102,78,88,77,63,74,54,71,81,77,61,75
NA,NA,NA,NA,NA,NA,NA,NA,NA,NA,NA,NA,NA,NA,NA,NA
34,NA,Northamptonshire,NA,585,469,466,491,442,426,467,417,436,504,449,484
34UB,NA,NA,Corby,47,45,39,40,49,42,46,48,42,54,43,40
34UC,NA,NA,Daventry,61,53,56,51,44,32,50,46,42,52,49,65
34UD,NA,NA,East Northamptonshire,62,61,73,72,50,59,65,70,61,64,70,67
34UE,NA,NA,Kettering,96,62,67,60,78,68,53,62,69,76,67,80
34UF,NA,NA,Northampton,176,140,128,157,132,134,135,100,123,156,136,126
34UG,NA,NA,South Northamptonshire,69,44,45,58,48,50,58,46,51,56,43,62
34UH,NA,NA,Wellingborough,74,64,58,53,41,41,60,45,48,46,41,44
NA,NA,NA,NA,NA,NA,NA,NA,NA,NA,NA,NA,NA,NA,NA,NA
37,NA,Nottinghamshire,NA,839,616,669,663,557,592,574,503,606,603,587,728
37UB,NA,NA,Ashfield,125,81,111,95,96,80,74,83,82,84,105,124
37UC,NA,NA,Bassetlaw,111,87,102,102,80,103,81,61,97,84,98,130
37UD,NA,NA,Broxtowe,122,82,79,79,74,87,75,72,97,78,68,96
37UE,NA,NA,Gedling,121,84,100,93,87,76,79,83,73,95,87,114
37UF,NA,NA,Mansfield,112,81,89,107,69,78,79,79,99,80,70,97
37UG,NA,NA,Newark and Sherwood,143,106,96,104,85,91,101,64,86,89,90,86
37UJ,NA,NA,Rushcliffe,105,95,92,83,66,77,85,61,72,93,69,81
NA,NA,NA,NA,NA,NA,NA,NA,NA,NA,NA,NA,NA,NA,NA,NA
F,WEST MIDLANDS,NA,NA,5555,4282,4364,4116,3687,3949,3827,3467,3997,4000,4057,4793
NA,NA,NA,NA,NA,NA,NA,NA,NA,NA,NA,NA,NA,NA,NA,NA
00GA,NA,"Herefordshire, County of UA",NA,225,144,174,141,144,147,146,138,153,161,152,150
00GG,NA,Shropshire UA 6,NA,347,251,261,270,248,239,219,228,235,252,244,302
NA,NA,Former districts of:,NA,NA,NA,NA,NA,NA,NA,NA,NA,NA,NA,NA,NA
39UB,NA,NA,Bridgnorth,62,52,46,40,40,42,41,41,36,38,40,67
39UC,NA,NA,North Shropshire,68,47,55,56,48,57,48,42,45,68,63,57
39UD,NA,NA,Oswestry,53,31,33,55,36,26,19,35,31,28,30,31
39UE,NA,NA,Shrewsbury and Atcham,100,76,78,75,83,85,76,77,80,83,77,96
39UF,NA,NA,South Shropshire,64,45,49,44,41,29,35,33,43,35,34,51
NA,NA,NA,NA,NA,NA,NA,NA,NA,NA,NA,NA,NA,NA,NA,NA
00GL,NA,Stoke-on-Trent UA,NA,284,239,195,217,202,171,191,170,171,214,198,223
00GF,NA,Telford and Wrekin UA,NA,154,102,113,109,90,134,116,81,95,110,108,122
NA,NA,NA,NA,NA,NA,NA,NA,NA,NA,NA,NA,NA,NA,NA,NA
41,NA,Staffordshire,NA,887,646,674,634,580,652,557,474,688,614,670,765
41UB,NA,NA,Cannock Chase,80,67,63,58,64,77,57,59,76,56,70,85
41UC,NA,NA,East Staffordshire,114,78,85,93,79,73,68,74,77,74,86,95
41UD,NA,NA,Lichfield,95,75,80,75,62,90,68,54,78,72,81,89
41UE,NA,NA,Newcastle-under-Lyme,162,91,104,101,90,106,86,65,117,97,102,111
41UF,NA,NA,South Staffordshire,120,83,104,88,75,98,87,62,101,88,94,118
41UG,NA,NA,Stafford,133,119,103,104,88,92,66,70,123,90,103,129
41UH,NA,NA,Staffordshire Moorlands,128,85,87,72,80,70,85,52,75,98,78,92
41UK,NA,NA,Tamworth,55,48,48,43,42,46,40,38,41,39,56,46
NA,NA,NA,NA,NA,NA,NA,NA,NA,NA,NA,NA,NA,NA,NA,NA
44,NA,Warwickshire,NA,538,413,442,420,372,376,376,360,378,408,409,465
44UB,NA,NA,North Warwickshire,56,51,44,42,43,40,45,48,48,50,55,63
44UC,NA,NA,Nuneaton and Bedworth,136,79,103,105,94,80,90,81,74,89,89,102
44UD,NA,NA,Rugby,88,79,77,72,66,59,74,65,63,85,70,86
44UE,NA,NA,Stratford-on-Avon,132,104,109,95,79,97,87,91,109,91,102,107
44UF,NA,NA,Warwick,126,100,109,106,90,100,80,75,84,93,93,107
NA,NA,NA,NA,NA,NA,NA,NA,NA,NA,NA,NA,NA,NA,NA,NA
2E,NA,West Midlands (Met County),NA,2532,2029,2049,1874,1634,1802,1780,1619,1868,1837,1891,2234
00CN,NA,NA,Birmingham,866,701,711,685,562,637,628,571,654,651,661,789
00CQ,NA,NA,Coventry,290,254,257,218,209,191,207,186,196,212,229,228
00CR,NA,NA,Dudley,345,261,264,230,180,227,233,214,226,219,222,289
00CS,NA,NA,Sandwell,330,233,235,229,234,219,227,209,249,233,243,274
00CT,NA,NA,Solihull,182,151,138,135,117,137,136,114,136,145,144,183
00CU,NA,NA,Walsall,269,198,231,198,160,190,187,158,200,201,192,240
00CW,NA,NA,Wolverhampton,250,231,213,179,172,201,162,167,207,176,200,231
NA,NA,NA,NA,NA,NA,NA,NA,NA,NA,NA,NA,NA,NA,NA,NA
47,NA,Worcestershire,NA,588,458,456,451,417,428,442,397,409,404,385,532
47UB,NA,NA,Bromsgrove,133,88,82,74,68,66,83,59,76,74,86,100
47UC,NA,NA,Malvern Hills,85,67,92,76,69,86,71,80,62,77,65,105
47UD,NA,NA,Redditch,49,58,56,60,53,52,50,43,49,46,31,50
47UE,NA,NA,Worcester,98,66,61,60,57,65,69,58,56,54,49,85
47UF,NA,NA,Wychavon,116,101,89,101,86,76,90,89,70,80,65,91
47UG,NA,NA,Wyre Forest,107,78,76,80,84,83,79,68,96,73,89,101
NA,NA,NA,NA,NA,NA,NA,NA,NA,NA,NA,NA,NA,NA,NA,NA
G,EAST,NA,NA,5738,4298,4487,4214,3775,4012,3959,3453,4077,4095,4224,4734
NA,NA,NA,NA,NA,NA,NA,NA,NA,NA,NA,NA,NA,NA,NA,NA
00KB,NA,Bedford UA 7,NA,140,125,118,124,112,87,92,100,105,97,112,121
NA,NA,Former district of:,NA,NA,NA,NA,NA,NA,NA,NA,NA,NA,NA,NA,NA
09UD,NA,NA,Bedford,140,125,118,124,112,87,92,100,105,97,112,121
NA,NA,NA,NA,NA,NA,NA,NA,NA,NA,NA,NA,NA,NA,NA,NA
00KC,NA,Central Bedfordshire UA 8,NA,205,197,161,164,151,140,159,119,168,170,168,181
NA,NA,Former districts of:,NA,NA,NA,NA,NA,NA,NA,NA,NA,NA,NA,NA,NA
09UC,NA,NA,Mid Bedfordshire,101,100,79,84,82,71,82,60,77,77,83,90
09UE,NA,NA,South Bedfordshire,104,97,82,80,69,69,77,59,91,93,85,91
NA,NA,NA,NA,NA,NA,NA,NA,NA,NA,NA,NA,NA,NA,NA,NA
00KA,NA,Luton UA,NA,130,118,114,107,92,116,116,91,110,107,119,157
00JA,NA,Peterborough UA,NA,162,108,113,104,102,125,104,109,92,118,107,143
00KF,NA,Southend-on-Sea UA,NA,224,153,171,143,144,158,146,115,135,162,160,172
00KG,NA,Thurrock UA,NA,132,114,87,87,79,90,98,59,97,100,99,97
NA,NA,NA,NA,NA,NA,NA,NA,NA,NA,NA,NA,NA,NA,NA,NA
12,NA,Cambridgeshire,NA,551,363,415,382,355,367,378,341,370,406,412,452
12UB,NA,NA,Cambridge,80,65,58,63,58,62,64,56,58,85,79,84
12UC,NA,NA,East Cambridgeshire,80,50,65,55,43,48,52,42,53,59,43,70
12UD,NA,NA,Fenland,114,80,92,98,66,75,77,69,79,93,83,91
12UE,NA,NA,Huntingdonshire,137,90,98,90,99,102,97,91,92,87,103,115
12UG,NA,NA,South Cambridgeshire,140,78,102,76,89,80,88,83,88,82,104,92
NA,NA,NA,NA,NA,NA,NA,NA,NA,NA,NA,NA,NA,NA,NA,NA
22,NA,Essex,NA,1386,1065,1083,1093,850,1021,941,857,997,945,1073,1129
22UB,NA,NA,Basildon,152,134,116,119,78,117,100,110,124,110,123,126
22UC,NA,NA,Braintree,155,110,103,99,98,113,92,72,91,86,109,108
22UD,NA,NA,Brentwood,71,41,54,56,48,72,48,39,50,60,48,49
22UE,NA,NA,Castle Point,118,82,69,71,46,55,69,57,65,45,72,82
22UF,NA,NA,Chelmsford,130,95,115,97,94,118,97,95,90,96,100,105
22UG,NA,NA,Colchester,141,128,124,114,98,99,112,89,119,99,116,129
22UH,NA,NA,Epping Forest,120,85,108,116,84,80,84,84,82,85,111,122
22UJ,NA,NA,Harlow,67,56,62,63,51,53,40,40,60,47,68,60
22UK,NA,NA,Maldon,61,38,39,60,38,37,47,38,46,52,55,57
22UL,NA,NA,Rochford,85,58,53,70,36,64,57,59,59,59,71,71
22UN,NA,NA,Tendring,222,189,174,171,130,156,153,139,148,170,162,159
22UQ,NA,NA,Uttlesford,64,49,66,57,49,57,42,35,63,36,38,61
NA,NA,NA,NA,NA,NA,NA,NA,NA,NA,NA,NA,NA,NA,NA,NA
26,NA,Hertfordshire,NA,1011,728,796,752,621,651,697,593,689,698,671,824
26UB,NA,NA,Broxbourne,65,47,58,60,41,37,50,51,62,53,59,64
26UC,NA,NA,Dacorum,143,93,105,98,85,76,80,61,72,95,98,88
26UD,NA,NA,East Hertfordshire,115,91,94,86,73,61,83,76,66,80,72,92
26UE,NA,NA,Hertsmere,99,74,85,79,73,80,72,66,79,72,72,96
26UF,NA,NA,North Hertfordshire,136,102,104,97,84,83,101,72,99,85,75,117
26UG,NA,NA,St Albans,109,71,86,82,56,88,86,87,83,91,75,103
26UH,NA,NA,Stevenage,79,57,61,49,52,49,36,38,42,60,51,70
26UJ,NA,NA,Three Rivers,84,70,62,56,50,50,71,41,54,54,50,55
26UK,NA,NA,Watford,65,57,51,61,49,57,43,42,48,46,54,64
26UL,NA,NA,Welwyn Hatfield,116,66,90,84,58,70,75,59,84,62,65,75
NA,NA,NA,NA,NA,NA,NA,NA,NA,NA,NA,NA,NA,NA,NA,NA
33,NA,Norfolk,NA,967,787,775,727,731,752,679,631,708,747,735,818
33UB,NA,NA,Breckland,153,121,115,127,111,110,93,107,100,129,105,141
33UC,NA,NA,Broadland,133,123,128,106,115,126,112,92,112,114,115,122
33UD,NA,NA,Great Yarmouth,101,86,87,80,88,86,97,78,88,96,88,109
33UE,NA,NA,King’s Lynn and West Norfolk,155,140,130,130,113,138,117,108,128,108,128,128
33UF,NA,NA,North Norfolk,155,105,119,110,109,108,87,86,92,113,114,115
33UG,NA,NA,Norwich,132,105,105,86,88,87,93,78,94,86,99,101
33UH,NA,NA,South Norfolk,138,107,91,88,107,97,80,82,94,101,86,102
NA,NA,NA,NA,NA,NA,NA,NA,NA,NA,NA,NA,NA,NA,NA,NA
42,NA,Suffolk,NA,830,540,654,531,538,505,549,438,606,545,568,640
42UB,NA,NA,Babergh,116,82,92,65,68,55,61,47,89,61,91,98
42UC,NA,NA,Forest Heath,57,39,37,37,36,27,40,33,37,33,49,47
42UD,NA,NA,Ipswich,166,81,83,110,87,75,100,77,92,79,76,107
42UE,NA,NA,Mid Suffolk,97,71,70,64,67,73,69,51,75,60,74,58
42UF,NA,NA,St Edmundsbury,104,70,78,70,74,74,77,63,87,96,70,76
42UG,NA,NA,Suffolk Coastal,146,102,131,102,102,94,106,89,114,122,94,127
42UH,NA,NA,Waveney,144,95,163,83,104,107,96,78,112,94,114,127
NA,NA,NA,NA,NA,NA,NA,NA,NA,NA,NA,NA,NA,NA,NA,NA
H,LONDON,NA,NA,5430,4116,4134,4022,3593,3838,3757,3322,3834,4053,3970,4482
NA,NA,NA,NA,NA,NA,NA,NA,NA,NA,NA,NA,NA,NA,NA,NA
1B,NA,Inner London,NA,1725,1343,1381,1333,1166,1242,1247,1076,1296,1320,1281,1429
00AG,NA,NA,Camden,130,89,92,100,84,83,88,91,91,93,79,95
00AA,NA,NA,City of London,2,2,3,1,5,5,3,5,3,6,3,3
00AM,NA,NA,Hackney,121,86,91,84,92,91,88,70,94,71,87,119
00AN,NA,NA,Hammersmith and Fulham,93,75,76,72,62,79,69,58,79,75,82,79
00AP,NA,NA,Haringey,121,108,97,93,82,84,96,82,95,98,83,106
00AU,NA,NA,Islington,108,109,98,93,85,91,93,70,93,98,91,89
00AW,NA,NA,Kensington and Chelsea,77,82,82,74,59,64,65,62,67,62,77,68
00AY,NA,NA,Lambeth,193,123,148,136,98,105,115,99,122,123,123,140
00AZ,NA,NA,Lewisham,175,145,127,143,104,132,134,105,121,143,134,132
00BB,NA,NA,Newham,146,118,129,107,97,132,98,92,113,106,97,116
00BE,NA,NA,Southwark,145,100,116,130,122,110,108,98,112,120,114,127
00BG,NA,NA,Tower Hamlets,128,96,86,89,73,72,84,66,86,90,91,105
00BJ,NA,NA,Wandsworth,163,121,138,124,117,118,124,113,135,135,138,146
00BK,NA,NA,Westminster,123,89,98,87,86,76,82,65,85,100,82,104
NA,NA,NA,NA,NA,NA,NA,NA,NA,NA,NA,NA,NA,NA,NA,NA
1C,NA,Outer London,NA,3705,2773,2753,2689,2427,2596,2510,2246,2538,2733,2689,3053
00AB,NA,NA,Barking and Dagenham,158,115,114,126,90,104,113,83,116,105,126,129
00AC,NA,NA,Barnet,292,194,189,199,202,193,199,170,172,214,193,220
00AD,NA,NA,Bexley,214,174,154,157,139,147,137,122,139,150,167,173
00AE,NA,NA,Brent,165,114,142,131,100,116,139,106,124,146,132,128
00AF,NA,NA,Bromley,274,240,252,212,163,218,196,162,210,220,204,251
00AH,NA,NA,Croydon,287,200,215,207,182,183,183,152,189,194,177,200
00AJ,NA,NA,Ealing,218,174,161,157,160,162,155,130,135,171,155,186
00AK,NA,NA,Enfield,233,162,165,168,154,179,141,153,143,184,177,178
00AL,NA,NA,Greenwich,187,118,140,138,126,137,112,138,135,156,140,162
00AQ,NA,NA,Harrow,167,105,112,115,125,105,121,110,122,113,102,148
00AR,NA,NA,Havering,235,201,195,186,150,185,158,142,163,162,197,192
00AS,NA,NA,Hillingdon,204,159,178,160,135,134,136,115,124,141,159,174
00AT,NA,NA,Hounslow,144,118,103,92,98,112,120,112,118,122,107,154
00AX,NA,NA,Kingston upon Thames,112,92,69,94,70,95,85,66,77,97,76,95
00BA,NA,NA,Merton,141,109,98,83,80,98,81,92,100,92,94,127
00BC,NA,NA,Redbridge,185,155,155,149,121,142,122,115,152,155,153,154
00BD,NA,NA,Richmond upon Thames,147,97,77,79,88,66,94,76,98,100,92,104
00BF,NA,NA,Sutton,174,121,108,124,117,102,110,113,110,97,109,143
00BH,NA,NA,Waltham Forest,168,125,126,112,127,118,108,89,111,114,129,135
NA,NA,NA,NA,NA,NA,NA,NA,NA,NA,NA,NA,NA,NA,NA,NA
J,SOUTH EAST,NA,NA,8835,6256,6328,5948,5417,5920,5662,4997,5922,5961,6107,6623
NA,NA,NA,NA,NA,NA,NA,NA,NA,NA,NA,NA,NA,NA,NA,NA
00MA,NA,Bracknell Forest UA,NA,67,69,70,59,56,51,63,53,52,48,63,59
00ML,NA,Brighton and Hove UA,NA,283,196,183,176,163,175,169,149,159,166,191,180
00MW,NA,Isle of Wight UA,NA,213,129,130,144,115,139,111,95,118,153,123,178
00LC,NA,Medway UA,NA,247,154,170,196,127,166,137,145,172,151,155,191
00MG,NA,Milton Keynes UA,NA,165,135,142,152,101,108,113,96,124,138,127,127
00MR,NA,Portsmouth UA,NA,213,130,132,122,120,125,126,119,127,128,134,136
00MC,NA,Reading UA,NA,123,101,90,82,97,73,78,63,84,80,71,113
00MD,NA,Slough UA,NA,81,64,64,67,53,66,47,54,61,73,75,65
00MS,NA,Southampton UA,NA,184,143,162,139,146,136,136,102,142,130,128,145
00MB,NA,West Berkshire UA,NA,114,104,75,79,89,94,74,74,105,95,82,100
00ME,NA,Windsor and Maidenhead UA,NA,164,107,103,71,92,122,89,79,88,89,98,108
00MF,NA,Wokingham UA,NA,111,87,76,89,66,77,75,63,77,77,98,95
NA,NA,NA,NA,NA,NA,NA,NA,NA,NA,NA,NA,NA,NA,NA,NA
11,NA,Buckinghamshire,NA,475,320,352,274,266,319,317,235,316,316,301,363
11UB,NA,NA,Aylesbury Vale,159,112,128,89,90,114,113,78,114,118,92,117
11UC,NA,NA,Chiltern,100,63,67,56,57,62,60,47,64,51,71,72
11UE,NA,NA,South Bucks,72,49,43,43,48,49,50,45,56,46,38,58
11UF,NA,NA,Wycombe,144,96,114,86,71,94,94,65,82,101,100,116
NA,NA,NA,NA,NA,NA,NA,NA,NA,NA,NA,NA,NA,NA,NA,NA
21,NA,East Sussex,NA,706,500,519,518,440,513,444,413,459,482,510,542
21UC,NA,NA,Eastbourne,146,111,100,111,82,101,89,88,98,99,103,96
21UD,NA,NA,Hastings,118,85,74,74,91,72,75,65,75,84,94,98
21UF,NA,NA,Lewes,103,76,89,92,72,86,69,72,69,78,96,99
21UG,NA,NA,Rother,156,94,135,111,87,119,114,94,94,100,101,125
21UH,NA,NA,Wealden,183,134,121,130,108,135,97,94,123,121,116,124
NA,NA,NA,NA,NA,NA,NA,NA,NA,NA,NA,NA,NA,NA,NA,NA
24,NA,Hampshire,NA,1360,987,946,895,810,899,892,776,885,900,933,986
24UB,NA,NA,Basingstoke and Deane,129,81,96,96,74,89,100,81,87,104,71,102
24UC,NA,NA,East Hampshire,133,79,88,82,91,72,83,66,88,74,75,100
24UD,NA,NA,Eastleigh,101,79,67,84,68,67,63,65,78,88,74,75
24UE,NA,NA,Fareham,141,94,92,84,78,76,79,72,91,87,79,110
24UF,NA,NA,Gosport,94,71,66,72,52,62,59,48,67,51,75,60
24UG,NA,NA,Hart,78,54,43,35,56,50,56,41,47,36,63,26
24UH,NA,NA,Havant,157,105,107,85,93,97,106,77,91,103,97,101
24UJ,NA,NA,New Forest,248,176,158,159,114,171,138,136,160,151,176,164
24UL,NA,NA,Rushmoor,67,65,44,49,46,47,64,49,39,56,57,53
24UN,NA,NA,Test Valley,106,82,98,83,71,99,76,66,67,71,71,89
24UP,NA,NA,Winchester,106,101,87,66,67,69,68,75,70,79,95,106
NA,NA,NA,NA,NA,NA,NA,NA,NA,NA,NA,NA,NA,NA,NA,NA
29,NA,Kent,NA,1745,1158,1180,1098,1056,1067,982,933,1092,1084,1102,1201
29UB,NA,NA,Ashford,114,86,73,67,80,72,92,54,84,93,72,76
29UC,NA,NA,Canterbury,206,128,135,129,113,128,109,100,141,100,134,117
29UD,NA,NA,Dartford,100,63,69,77,67,66,52,47,73,67,76,72
29UE,NA,NA,Dover,146,76,120,109,89,89,85,94,106,93,92,103
29UG,NA,NA,Gravesham,113,48,76,67,67,72,73,48,72,78,76,83
29UH,NA,NA,Maidstone,172,117,101,93,110,112,86,110,93,105,81,124
29UK,NA,NA,Sevenoaks,131,88,84,65,81,80,62,72,81,82,73,86
29UL,NA,NA,Shepway,132,109,99,88,81,78,87,78,89,82,96,115
29UM,NA,NA,Swale,143,125,112,100,79,95,82,89,90,98,93,121
29UN,NA,NA,Thanet,248,163,152,161,155,127,135,117,112,134,169,127
29UP,NA,NA,Tonbridge and Malling,112,69,85,61,76,75,60,65,77,75,76,84
29UQ,NA,NA,Tunbridge Wells,128,86,74,81,58,73,59,59,74,77,64,93
NA,NA,NA,NA,NA,NA,NA,NA,NA,NA,NA,NA,NA,NA,NA,NA
38,NA,Oxfordshire,NA,550,415,422,369,322,405,382,327,434,435,439,426
38UB,NA,NA,Cherwell,115,84,93,97,73,97,100,82,93,99,93,84
38UC,NA,NA,Oxford,97,66,81,67,65,59,75,68,85,93,86,74
38UD,NA,NA,South Oxfordshire,114,99,86,85,71,90,84,66,95,94,95,97
38UE,NA,NA,Vale of White Horse,126,83,78,66,60,70,74,68,77,80,77,84
38UF,NA,NA,West Oxfordshire,98,83,84,54,53,89,49,43,84,69,88,87
NA,NA,NA,NA,NA,NA,NA,NA,NA,NA,NA,NA,NA,NA,NA,NA
43,NA,Surrey,NA,1021,738,775,735,664,716,784,627,737,737,791,812
43UB,NA,NA,Elmbridge,108,92,82,80,77,82,86,60,95,77,83,95
43UC,NA,NA,Epsom and Ewell,64,52,30,44,48,42,50,32,39,37,47,44
43UD,NA,NA,Guildford,97,75,102,79,59,81,88,51,83,71,92,87
43UE,NA,NA,Mole Valley,85,74,66,64,55,57,78,70,65,80,84,66
43UF,NA,NA,Reigate and Banstead,131,106,107,81,88,91,97,89,107,89,94,112
43UG,NA,NA,Runnymede,69,48,53,55,49,53,51,51,62,54,47,61
43UH,NA,NA,Spelthorne,93,67,59,65,53,59,68,59,56,74,58,73
43UJ,NA,NA,Surrey Heath,68,31,53,46,38,45,53,49,48,56,51,52
43UK,NA,NA,Tandridge,88,65,69,66,57,63,61,56,49,50,58,69
43UL,NA,NA,Waverley,134,84,91,100,87,85,97,71,88,81,102,92
43UM,NA,NA,Woking,84,44,63,55,53,58,55,39,45,68,75,61
NA,NA,NA,NA,NA,NA,NA,NA,NA,NA,NA,NA,NA,NA,NA,NA
45,NA,West Sussex,NA,1013,719,737,683,634,669,643,594,690,679,686,796
45UB,NA,NA,Adur,82,54,57,49,45,61,64,49,48,54,55,70
45UC,NA,NA,Arun,237,169,165,179,158,151,171,147,161,181,157,183
45UD,NA,NA,Chichester,153,112,108,117,97,105,107,99,101,88,123,102
45UE,NA,NA,Crawley,89,49,67,48,54,72,44,57,59,63,58,72
45UF,NA,NA,Horsham,127,94,104,91,87,82,77,75,114,92,90,114
45UG,NA,NA,Mid Sussex,152,115,123,96,94,87,100,83,109,101,103,121
45UH,NA,NA,Worthing,173,126,113,103,99,111,80,84,98,100,100,134
NA,NA,NA,NA,NA,NA,NA,NA,NA,NA,NA,NA,NA,NA,NA,NA
K,SOUTH WEST,NA,NA,6019,4417,4455,4274,3840,4136,4081,3509,4232,4259,4172,4707
NA,NA,NA,NA,NA,NA,NA,NA,NA,NA,NA,NA,NA,NA,NA,NA
00HA,NA,Bath and North East Somerset UA,NA,166,149,147,121,114,128,128,118,133,147,122,124
00HN,NA,Bournemouth UA,NA,235,165,178,157,136,154,131,127,176,158,164,147
00HB,NA,"Bristol, City of UA",NA,391,293,307,291,251,273,268,213,261,305,265,307
00HE,NA,Cornwall UA 9,NA,739,470,496,513,464,443,435,409,494,474,469,511
NA,NA,Former districts of:,NA,NA,NA,NA,NA,NA,NA,NA,NA,NA,NA,NA,NA
15UB,NA,NA,Caradon,99,82,81,77,62,75,80,66,68,69,88,88
15UC,NA,NA,Carrick,126,83,93,95,93,74,81,67,76,72,73,77
15UD,NA,NA,Kerrier,138,70,99,89,78,73,72,70,93,87,83,86
15UE,NA,NA,North Cornwall,147,70,73,80,72,75,69,70,76,82,72,80
15UF,NA,NA,Penwith,102,59,59,72,60,68,50,59,83,79,57,84
15UG,NA,NA,Restormel,127,106,91,100,99,78,83,77,98,85,96,96
NA,NA,NA,NA,NA,NA,NA,NA,NA,NA,NA,NA,NA,NA,NA,NA
00HF,NA,Isles of Scilly UA 10,NA,4,4,2,2,4,1,1,-,1,1,1,1
00HC,NA,North Somerset UA,NA,267,182,166,178,131,178,164,132,162,151,153,181
00HG,NA,Plymouth UA,NA,267,209,167,190,185,210,218,158,176,195,206,225
00HP,NA,Poole UA,NA,185,128,127,100,114,123,113,99,148,117,121,148
00HD,NA,South Gloucestershire UA,NA,220,167,182,157,141,143,143,127,148,166,156,188
00HX,NA,Swindon UA,NA,176,113,114,123,114,123,124,97,124,118,106,156
00HH,NA,Torbay UA,NA,229,144,131,137,118,131,137,127,152,140,132,151
00HY,NA,Wiltshire UA 11,NA,451,360,379,321,284,321,335,294,305,345,368,387
NA,NA,Former districts of:,NA,NA,NA,NA,NA,NA,NA,NA,NA,NA,NA,NA,NA
46UB,NA,NA,Kennet,71,62,60,46,55,52,56,45,55,57,57,78
46UC,NA,NA,North Wiltshire,132,98,95,98,70,79,84,85,69,83,90,106
46UD,NA,NA,Salisbury,134,110,104,81,75,92,97,78,100,101,100,108
46UF,NA,NA,West Wiltshire,114,90,120,96,84,98,98,86,81,104,121,95
NA,NA,NA,NA,NA,NA,NA,NA,NA,NA,NA,NA,NA,NA,NA,NA
18,NA,Devon,NA,913,713,713,642,601,658,664,538,656,662,665,735
18UB,NA,NA,East Devon,197,150,164,156,120,160,155,117,161,152,134,169
18UC,NA,NA,Exeter,139,76,84,70,75,79,73,43,88,82,91,74
18UD,NA,NA,Mid Devon,82,61,64,54,59,57,63,35,54,53,58,66
18UE,NA,NA,North Devon,113,88,81,91,71,85,88,81,66,95,88,90
18UG,NA,NA,South Hams,109,74,83,74,65,80,72,62,64,53,75,73
18UH,NA,NA,Teignbridge,144,136,130,110,112,110,114,114,117,125,127,141
18UK,NA,NA,Torridge,70,67,54,50,59,40,52,54,53,61,55,70
18UL,NA,NA,West Devon,59,61,53,37,40,47,47,32,53,41,37,52
NA,NA,NA,NA,NA,NA,NA,NA,NA,NA,NA,NA,NA,NA,NA,NA
19,NA,Dorset,NA,550,367,387,368,353,380,367,330,374,379,348,430
19UC,NA,NA,Christchurch,55,49,46,43,49,49,57,40,49,59,50,59
19UD,NA,NA,East Dorset,118,77,83,86,68,77,76,77,79,76,80,85
19UE,NA,NA,North Dorset,85,53,50,44,62,52,49,35,44,37,41,55
19UG,NA,NA,Purbeck,56,35,40,38,34,44,50,30,41,39,27,42
19UH,NA,NA,West Dorset,153,94,103,100,98,97,87,102,97,106,101,119
19UJ,NA,NA,Weymouth and Portland,83,59,65,57,42,61,48,46,64,62,49,70
NA,NA,NA,NA,NA,NA,NA,NA,NA,NA,NA,NA,NA,NA,NA,NA
23,NA,Gloucestershire,NA,567,501,478,475,408,426,395,365,483,475,463,521
23UB,NA,NA,Cheltenham,107,99,89,73,84,74,64,68,93,89,76,91
23UC,NA,NA,Cotswold,76,74,89,68,59,70,70,48,70,85,78,85
23UD,NA,NA,Forest of Dean,84,64,53,77,39,71,51,51,78,62,61,88
23UE,NA,NA,Gloucester,117,93,75,84,76,64,69,68,87,89,92,91
23UF,NA,NA,Stroud,107,97,93,107,93,82,80,79,91,86,86,81
23UG,NA,NA,Tewkesbury,76,74,79,66,57,65,61,51,64,64,70,85
NA,NA,NA,NA,NA,NA,NA,NA,NA,NA,NA,NA,NA,NA,NA,NA
40,NA,Somerset,NA,659,452,481,499,422,444,458,375,439,426,433,495
40UB,NA,NA,Mendip,116,65,86,94,71,85,86,67,81,86,79,95
40UC,NA,NA,Sedgemoor,131,105,101,93,90,104,91,71,98,91,86,109
40UD,NA,NA,South Somerset,191,141,144,149,137,124,125,116,133,124,139,154
40UE,NA,NA,Taunton Deane,157,101,103,109,89,98,109,89,89,87,103,107
40UF,NA,NA,West Somerset,64,40,47,54,35,33,47,32,38,38,26,30
NA,NA,NA,NA,NA,NA,NA,NA,NA,NA,NA,NA,NA,NA,NA,NA
924,WALES,NA,NA,3553,2622,2699,2492,2307,2456,2451,2037,2443,2525,2543,2878
NA,NA,NA,NA,NA,NA,NA,NA,NA,NA,NA,NA,NA,NA,NA,NA
00NA,NA,NA,Isle of Anglesey,88,68,76,60,74,80,62,64,69,74,66,95
00NC,NA,NA,Gwynedd,152,124,118,99,95,94,109,109,97,104,98,128
00NE,NA,NA,Conwy,169,127,136,104,120,134,100,111,122,114,100,137
00NG,NA,NA,Denbighshire,141,104,77,101,85,96,85,63,94,104,94,114
00NJ,NA,NA,Flintshire,156,122,101,103,88,112,118,82,110,105,124,155
00NL,NA,NA,Wrexham,138,92,117,107,105,94,115,83,115,102,129,106
00NN,NA,NA,Powys,182,119,123,126,108,118,105,78,120,133,110,109
00NQ,NA,NA,Ceredigion,85,75,73,66,54,53,46,47,49,67,69,77
00NS,NA,NA,Pembrokeshire,175,106,114,104,103,96,114,105,103,103,106,120
00NU,NA,NA,Carmarthenshire,233,174,187,172,169,167,177,134,166,167,157,196
00NX,NA,NA,Swansea,312,216,217,205,169,159,216,165,183,215,187,259
00NZ,NA,NA,Neath Port Talbot,194,133,142,124,99,129,140,100,117,124,107,169
00PB,NA,NA,Bridgend,146,115,114,128,75,110,103,93,90,115,112,118
00PD,NA,NA,The Vale of Glamorgan,151,95,98,90,94,92,94,74,97,95,101,100
00PT,NA,NA,Cardiff,282,218,232,214,221,221,210,160,232,226,222,226
00PF,NA,NA,"Rhondda, Cynon, Taff",269,221,213,202,181,221,190,170,197,205,209,203
00PH,NA,NA,Merthyr Tydfil,47,47,54,46,54,58,55,34,47,40,69,59
00PK,NA,NA,Caerphilly,182,129,163,142,127,118,120,109,120,110,136,146
00PL,NA,NA,Blaenau Gwent,85,64,76,65,58,63,65,56,53,59,73,60
00PM,NA,NA,Torfaen,120,81,87,62,73,75,58,65,73,79,71,93
00PP,NA,NA,Monmouthshire,95,75,65,60,66,73,60,44,74,59,79,87
00PR,NA,NA,Newport,151,117,116,112,89,93,109,91,115,125,124,121
NA,NA,NA,NA,NA,NA,NA,NA,NA,NA,NA,NA,NA,NA,NA,NA
NA,NA,NA,Non-residents of England & Wales,107,85,93,61,68,96,98,90,114,97,92,100
Footnotes:,NA,NA,NA,NA,NA,NA,NA,NA,NA,NA,NA,NA,NA,NA,NA
1,England and Wales were recoded in July 2007.,NA,NA,NA,NA,NA,NA,NA,NA,NA,NA,NA,NA,NA,NA
2,"County Durham UA comprises the former districts of Chester-le-Street, Derwentside, Durham, Easington, Sedgefield, Teesdale and Wear Valley (abolished 2009).",NA,NA,NA,NA,NA,NA,NA,NA,NA,NA,NA,NA,NA,NA
3,"Northumberland UA comprises the former districts of Alnwick, Berwick-upon-Tweed, Blyth Valley, Castle Morpeth, Tynedale and Wansbeck (abolished 2009).",NA,NA,NA,NA,NA,NA,NA,NA,NA,NA,NA,NA,NA,NA
4,"Cheshire East UA comprises the former districts of Congleton, Crewe and Nantwich and Macclesfield (abolished 2009).",NA,NA,NA,NA,NA,NA,NA,NA,NA,NA,NA,NA,NA,NA
5,"Cheshire West and Chester UA comprises the former districts of Chester, Ellesmere Port & Neston and Vale Royal (abolished 2009).",NA,NA,NA,NA,NA,NA,NA,NA,NA,NA,NA,NA,NA,NA
6,"Shropshire UA comprises the former districts of Bridgnorth, North Shropshire, Oswestry, Shrewsbury and Atcham and South Shropshire (abolished 2009).",NA,NA,NA,NA,NA,NA,NA,NA,NA,NA,NA,NA,NA,NA
7,Bedford UA comprises the former district of Bedford (abolished 2009).,NA,NA,NA,NA,NA,NA,NA,NA,NA,NA,NA,NA,NA,NA
8,Central Bedfordshire UA comprises the former districts of Mid Bedfordshire and South Bedfordshire (abolished 2009).,NA,NA,NA,NA,NA,NA,NA,NA,NA,NA,NA,NA,NA,NA
9,"Cornwall UA comprises the former districts of Caradon, Carrick, Kerrier, North Cornwall, Penwith and Restormel (abolished 2009).",NA,NA,NA,NA,NA,NA,NA,NA,NA,NA,NA,NA,NA,NA
10,The Isles of Scilly were recoded on 1 April 2009.  They are separately administered by an Isles of Scilly council and do not form part of Cornwall UA.,NA,NA,NA,NA,NA,NA,NA,NA,NA,NA,NA,NA,NA,NA
11,"Wiltshire UA comprises the former districts of Kennet, North Wiltshire, Salisbury and West Wiltshire (abolished 2009).",NA,NA,NA,NA,NA,NA,NA,NA,NA,NA,NA,NA,NA,NA
