"Monthly figures on deaths registered by area of usual residence, 2011",...2,...3,...4,...5,...6,...7,...8,...9,...10,...11,...12,...13,...14,England and Wales
NA,NA,NA,NA,NA,NA,NA,NA,NA,NA,NA,NA,NA,NA,NA
NA,NA,NA,Jan-11,Feb-11,Mar-11,Apr-11,May-11,Jun-11,Jul-11,Aug-11,Sep-11,Oct-11,Nov-11,Dec-11
NA,NA,NA,NA,NA,NA,NA,NA,NA,NA,NA,NA,NA,NA,NA
TOTAL REGISTRATIONS 1,NA,NA,49992,39350,44209,36943,40100,40000,35646,38383,38358,37200,40624,43562
NA,NA,NA,NA,NA,NA,NA,NA,NA,NA,NA,NA,NA,NA,NA
ENGLAND AND WALES,NA,NA,49893,39278,44129,36868,40003,39904,35541,38283,38253,37119,40543,43474
NA,NA,NA,NA,NA,NA,NA,NA,NA,NA,NA,NA,NA,NA,NA
ENGLAND,NA,NA,46835,36733,41342,34521,37437,37398,33275,35924,35893,34740,38020,40744
NA,NA,NA,NA,NA,NA,NA,NA,NA,NA,NA,NA,NA,NA,NA
NORTH EAST,NA,NA,2523,2209,2320,1911,2193,2080,1912,2061,2015,1978,2163,2346
NA,NA,NA,NA,NA,NA,NA,NA,NA,NA,NA,NA,NA,NA,NA
NA,"County Durham UA 2,",NA,503,426,478,406,415,457,389,384,378,404,459,503
NA,Former districts of:,NA,NA,NA,NA,NA,NA,NA,NA,NA,NA,NA,NA,NA
NA,NA,Chester-le-Street,53,38,47,41,37,48,33,32,35,41,36,47
NA,NA,Derwentside,95,68,80,76,70,96,68,81,83,72,86,90
NA,NA,Durham,75,57,78,74,60,77,69,64,67,70,69,86
NA,NA,Easington,95,95,91,88,90,65,82,73,71,72,92,96
NA,NA,Sedgefield,81,88,96,62,79,92,60,64,63,66,91,89
NA,NA,Teesdale,28,20,24,17,20,23,24,22,20,23,18,21
NA,NA,Wear Valley,76,60,62,48,59,56,53,48,39,60,67,74
NA,NA,NA,NA,NA,NA,NA,NA,NA,NA,NA,NA,NA,NA,NA
NA,Darlington UA,NA,106,80,87,79,78,83,70,89,77,72,91,73
NA,Hartlepool UA,NA,100,76,74,59,95,79,64,79,80,62,59,95
NA,Middlesbrough UA,NA,128,99,148,89,108,91,124,115,126,113,110,105
NA,Northumberland UA 3,NA,324,299,285,233,304,250,245,261,260,266,248,292
NA,Former districts of:,NA,NA,NA,NA,NA,NA,NA,NA,NA,NA,NA,NA,NA
NA,NA,Alnwick,29,25,31,28,36,29,27,31,33,32,30,35
NA,NA,Berwick-upon-Tweed,32,35,34,16,27,25,23,28,18,30,34,33
NA,NA,Blyth Valley,79,70,59,59,63,56,49,64,67,63,62,79
NA,NA,Castle Morpeth,54,53,53,30,48,37,44,44,41,46,36,47
NA,NA,Tynedale,59,54,40,37,55,40,39,52,50,31,51,47
NA,NA,Wansbeck,71,62,68,63,75,63,63,42,51,64,35,51
NA,NA,NA,NA,NA,NA,NA,NA,NA,NA,NA,NA,NA,NA,NA
NA,Redcar and Cleveland UA,NA,138,119,114,112,127,115,118,124,101,109,111,120
NA,Stockton-on-Tees UA,NA,160,126,152,126,143,118,114,139,145,129,149,161
NA,NA,NA,NA,NA,NA,NA,NA,NA,NA,NA,NA,NA,NA,NA
NA,Tyne and Wear (Met County),NA,1064,984,982,807,923,887,788,870,848,823,936,997
NA,NA,Gateshead,192,172,182,145,191,162,157,170,201,167,168,193
NA,NA,Newcastle upon Tyne,231,219,226,183,175,214,169,176,163,174,235,215
NA,NA,North Tyneside,201,186,182,146,161,161,129,164,167,156,169,192
NA,NA,South Tyneside,179,154,153,136,147,131,135,125,103,125,141,154
NA,NA,Sunderland,261,253,239,197,249,219,198,235,214,201,223,243
NA,NA,NA,NA,NA,NA,NA,NA,NA,NA,NA,NA,NA,NA,NA
NORTH WEST,NA,NA,6762,5434,5978,5122,5491,5478,4917,5341,5120,5062,5553,6114
NA,NA,NA,NA,NA,NA,NA,NA,NA,NA,NA,NA,NA,NA,NA
NA,Blackburn with Darwen UA,NA,138,99,107,87,89,93,87,97,98,78,102,114
NA,Blackpool UA,NA,182,177,166,129,151,147,126,151,123,138,140,188
NA,Cheshire East UA 4,NA,377,286,328,267,255,277,253,263,276,260,282,296
NA,Former districts of:,NA,NA,NA,NA,NA,NA,NA,NA,NA,NA,NA,NA,NA
NA,NA,Congleton,77,70,97,61,60,63,53,74,57,57,79,78
NA,NA,Crewe and Nantwich,121,88,104,90,95,93,84,77,93,88,79,99
NA,NA,Macclesfield,179,128,127,116,100,121,116,112,126,115,124,119
NA,NA,NA,NA,NA,NA,NA,NA,NA,NA,NA,NA,NA,NA,NA
NA,Cheshire West and Chester UA 5,NA,319,258,294,236,249,261,236,262,247,224,264,305
NA,Former districts of:,NA,NA,NA,NA,NA,NA,NA,NA,NA,NA,NA,NA,NA
NA,NA,Chester,116,109,107,86,93,93,89,107,95,83,101,111
NA,NA,Ellesmere Port & Neston,81,68,83,60,56,68,48,73,54,64,66,84
NA,NA,Vale Royal,122,81,104,90,100,100,99,82,98,77,97,110
NA,NA,NA,NA,NA,NA,NA,NA,NA,NA,NA,NA,NA,NA,NA
NA,Halton UA,NA,115,86,91,77,97,93,89,81,95,75,111,99
NA,Warrington UA,NA,164,138,164,125,143,146,104,147,146,147,142,181
NA,NA,NA,NA,NA,NA,NA,NA,NA,NA,NA,NA,NA,NA,NA
NA,Cumbria,NA,544,455,459,408,468,466,419,427,461,405,455,497
NA,NA,Allerdale,115,88,85,97,98,103,97,91,96,90,86,99
NA,NA,Barrow-in-Furness,75,66,67,63,44,53,51,73,76,46,76,71
NA,NA,Carlisle,117,80,78,77,102,101,81,76,78,86,87,99
NA,NA,Copeland,56,69,74,47,70,69,58,58,68,67,54,73
NA,NA,Eden,72,37,48,36,47,46,43,42,42,24,41,40
NA,NA,South Lakeland,109,115,107,88,107,94,89,87,101,92,111,115
NA,NA,NA,NA,NA,NA,NA,NA,NA,NA,NA,NA,NA,NA,NA
NA,Greater Manchester (Met County),NA,2297,1885,2097,1830,1962,1937,1705,1879,1761,1778,1941,2065
NA,NA,Bolton,233,205,236,205,213,215,170,180,198,193,210,240
NA,NA,Bury,164,152,170,114,143,150,111,136,129,140,132,152
NA,NA,Manchester,360,284,313,291,287,287,272,281,263,274,280,295
NA,NA,Oldham,188,171,176,187,172,162,158,167,152,134,148,189
NA,NA,Rochdale,186,150,162,133,150,151,138,166,154,148,155,165
NA,NA,Salford,211,153,184,201,179,173,149,173,141,171,199,197
NA,NA,Stockport,235,209,215,168,244,202,195,220,186,191,228,230
NA,NA,Tameside,217,185,217,163,187,197,161,181,174,166,161,172
NA,NA,Trafford,184,143,171,153,149,153,145,137,141,135,171,165
NA,NA,Wigan,319,233,253,215,238,247,206,238,223,226,257,260
NA,NA,NA,NA,NA,NA,NA,NA,NA,NA,NA,NA,NA,NA,NA
NA,Lancashire,NA,1172,951,1057,886,972,962,907,937,897,890,988,1057
NA,NA,Burnley,84,81,83,75,65,90,69,75,71,58,96,79
NA,NA,Chorley,94,84,95,65,89,62,70,84,70,73,80,101
NA,NA,Fylde,106,73,99,66,71,81,84,78,76,73,69,89
NA,NA,Hyndburn,75,58,73,65,67,77,59,49,59,73,63,73
NA,NA,Lancaster,146,122,114,98,140,126,109,99,121,110,118,130
NA,NA,Pendle,76,74,68,56,66,72,58,65,57,66,78,76
NA,NA,Preston,113,89,119,93,92,73,102,75,86,91,100,93
NA,NA,Ribble Valley,50,41,57,36,39,47,43,45,41,46,54,44
NA,NA,Rossendale,67,49,59,54,56,66,47,53,49,47,61,59
NA,NA,South Ribble,112,82,77,84,81,65,81,98,61,67,81,81
NA,NA,West Lancashire,120,88,78,81,92,97,73,93,88,79,81,98
NA,NA,Wyre,129,110,135,113,114,106,112,123,118,107,107,134
NA,NA,NA,NA,NA,NA,NA,NA,NA,NA,NA,NA,NA,NA,NA
NA,Merseyside (Met County),NA,1454,1099,1215,1077,1105,1096,991,1097,1016,1067,1128,1312
NA,NA,Knowsley,136,112,129,116,117,86,76,122,110,94,112,146
NA,NA,Liverpool,453,350,359,327,375,349,310,330,293,322,347,417
NA,NA,Sefton,343,248,268,221,190,249,236,246,239,237,266,275
NA,NA,St. Helens,160,123,156,118,155,147,125,128,121,145,130,173
NA,NA,Wirral,362,266,303,295,268,265,244,271,253,269,273,301
NA,NA,NA,NA,NA,NA,NA,NA,NA,NA,NA,NA,NA,NA,NA
YORKSHIRE AND THE HUMBER,NA,NA,5020,3884,4395,3760,3988,3943,3573,3800,3913,3782,4063,4406
NA,NA,NA,NA,NA,NA,NA,NA,NA,NA,NA,NA,NA,NA,NA
NA,East Riding of Yorkshire UA,NA,362,294,320,265,288,270,252,281,288,319,282,350
NA,"Kingston upon Hull, City of UA",NA,247,205,191,181,188,181,188,187,191,179,195,225
NA,North East Lincolnshire UA,NA,151,127,150,128,135,144,117,126,135,111,120,120
NA,North Lincolnshire UA,NA,157,139,175,139,103,132,121,133,139,133,131,136
NA,York UA,NA,213,137,142,147,154,143,113,158,155,121,164,147
NA,NA,NA,NA,NA,NA,NA,NA,NA,NA,NA,NA,NA,NA,NA
NA,North Yorkshire,NA,639,479,548,449,510,539,419,467,477,477,501,544
NA,NA,Craven,54,48,47,43,50,61,44,44,45,55,30,69
NA,NA,Hambleton,89,55,60,52,69,80,63,53,76,72,77,67
NA,NA,Harrogate,162,130,123,126,140,145,101,113,102,109,136,129
NA,NA,Richmondshire,49,37,56,36,33,38,31,34,35,34,30,41
NA,NA,Ryedale,67,51,55,34,46,41,34,43,47,43,44,50
NA,NA,Scarborough,140,111,125,101,112,121,99,130,114,107,125,119
NA,NA,Selby,78,47,82,57,60,53,47,50,58,57,59,69
NA,NA,NA,NA,NA,NA,NA,NA,NA,NA,NA,NA,NA,NA,NA
NA,South Yorkshire (Met County),NA,1236,994,1142,934,1047,969,918,980,1034,962,1043,1115
NA,NA,Barnsley,242,178,218,151,197,181,164,191,171,171,207,203
NA,NA,Doncaster,270,205,261,248,225,224,220,235,243,240,223,278
NA,NA,Rotherham,259,201,223,174,220,184,200,209,196,198,229,216
NA,NA,Sheffield,465,410,440,361,405,380,334,345,424,353,384,418
NA,NA,NA,NA,NA,NA,NA,NA,NA,NA,NA,NA,NA,NA,NA
NA,West Yorkshire (Met County),NA,2015,1509,1727,1517,1563,1565,1445,1468,1494,1480,1627,1769
NA,NA,Bradford,428,348,382,322,344,340,329,304,348,330,350,397
NA,NA,Calderdale,198,129,162,162,143,164,136,153,144,126,151,182
NA,NA,Kirklees,365,284,321,262,264,299,266,301,293,294,313,347
NA,NA,Leeds,665,502,588,509,558,508,470,457,501,499,536,569
NA,NA,Wakefield,359,246,274,262,254,254,244,253,208,231,277,274
NA,NA,NA,NA,NA,NA,NA,NA,NA,NA,NA,NA,NA,NA,NA
EAST MIDLANDS,NA,NA,4392,3291,3664,3156,3209,3300,2901,3125,3170,3078,3442,3651
NA,NA,NA,NA,NA,NA,NA,NA,NA,NA,NA,NA,NA,NA,NA
NA,Derby UA,NA,212,175,161,163,159,152,135,145,166,149,176,180
NA,Leicester UA,NA,245,209,227,168,192,177,185,170,184,174,188,211
NA,Nottingham UA,NA,235,163,198,190,193,183,166,180,170,169,186,224
NA,Rutland UA,NA,40,19,38,21,28,30,34,34,23,31,32,32
NA,NA,NA,NA,NA,NA,NA,NA,NA,NA,NA,NA,NA,NA,NA
NA,Derbyshire,NA,794,618,669,600,611,616,512,599,584,572,643,619
NA,NA,Amber Valley,126,100,114,92,94,79,82,111,101,89,106,102
NA,NA,Bolsover,79,73,78,61,47,61,51,65,68,59,65,71
NA,NA,Chesterfield,119,70,110,96,93,103,66,95,92,78,103,93
NA,NA,Derbyshire Dales,75,60,53,67,63,64,47,59,56,55,78,71
NA,NA,Erewash,113,93,96,75,78,82,76,66,73,78,78,66
NA,NA,High Peak,94,74,62,63,76,56,71,64,51,74,63,69
NA,NA,North East Derbyshire,115,91,86,81,94,105,73,84,86,81,72,88
NA,NA,South Derbyshire,73,57,70,65,66,66,46,55,57,58,78,59
NA,NA,NA,NA,NA,NA,NA,NA,NA,NA,NA,NA,NA,NA,NA
NA,Leicestershire,NA,595,461,499,394,418,484,383,433,410,381,479,518
NA,NA,Blaby,76,52,71,76,54,63,51,53,48,44,68,74
NA,NA,Charnwood,160,118,122,81,85,128,90,120,110,92,128,126
NA,NA,Harborough,73,62,62,47,59,58,56,51,56,52,50,65
NA,NA,Hinckley and Bosworth,92,65,87,57,65,81,68,72,72,55,72,91
NA,NA,Melton,56,44,25,36,44,39,35,36,25,42,50,34
NA,NA,North West Leicestershire,83,75,73,55,60,63,44,65,60,53,75,78
NA,NA,Oadby and Wigston,55,45,59,42,51,52,39,36,39,43,36,50
NA,NA,NA,NA,NA,NA,NA,NA,NA,NA,NA,NA,NA,NA,NA
NA,Lincolnshire,NA,828,584,661,571,639,608,539,569,605,572,645,691
NA,NA,Boston,71,48,55,36,52,52,43,43,64,50,73,67
NA,NA,East Lindsey,196,147,158,136,150,140,138,152,138,128,155,152
NA,NA,Lincoln,89,66,78,54,78,83,48,65,56,71,66,83
NA,NA,North Kesteven,113,81,80,103,89,100,82,74,86,81,89,95
NA,NA,South Holland,97,65,100,66,87,68,66,80,67,80,81,77
NA,NA,South Kesteven,148,110,101,97,96,90,99,85,119,88,106,127
NA,NA,West Lindsey,114,67,89,79,87,75,63,70,75,74,75,90
NA,NA,NA,NA,NA,NA,NA,NA,NA,NA,NA,NA,NA,NA,NA
NA,Northamptonshire,NA,626,483,520,465,396,461,425,447,471,448,480,498
NA,NA,Corby,47,54,43,46,30,42,30,44,53,34,42,49
NA,NA,Daventry,72,53,64,57,37,59,48,47,49,52,59,51
NA,NA,East Northamptonshire,72,66,68,67,63,47,60,63,61,67,64,67
NA,NA,Kettering,96,71,73,56,64,56,59,66,71,69,65,74
NA,NA,Northampton,195,128,164,151,112,156,132,131,140,114,150,141
NA,NA,South Northamptonshire,64,60,55,46,46,47,51,52,51,58,44,66
NA,NA,Wellingborough,80,51,53,42,44,54,45,44,46,54,56,50
NA,NA,NA,NA,NA,NA,NA,NA,NA,NA,NA,NA,NA,NA,NA
NA,Nottinghamshire,NA,817,579,691,584,573,589,522,548,557,582,613,678
NA,NA,Ashfield,116,84,96,90,92,81,77,89,103,87,103,100
NA,NA,Bassetlaw,134,93,95,101,81,97,86,67,77,93,89,106
NA,NA,Broxtowe,105,91,100,78,89,71,76,85,75,84,82,81
NA,NA,Gedling,108,72,95,78,96,84,57,77,86,69,94,100
NA,NA,Mansfield,136,72,89,79,76,65,67,74,62,89,83,99
NA,NA,Newark and Sherwood,116,91,122,91,76,102,88,86,90,80,90,100
NA,NA,Rushcliffe,102,76,94,67,63,89,71,70,64,80,72,92
NA,NA,NA,NA,NA,NA,NA,NA,NA,NA,NA,NA,NA,NA,NA
WEST MIDLANDS,NA,NA,5064,4023,4520,3671,4054,4046,3742,3851,3869,3738,4161,4371
NA,NA,NA,NA,NA,NA,NA,NA,NA,NA,NA,NA,NA,NA,NA
NA,"Herefordshire, County of UA",NA,212,157,182,134,145,160,149,160,153,132,178,153
NA,Shropshire UA 6,NA,299,256,255,208,254,248,230,224,227,267,255,264
NA,Former districts of:,NA,NA,NA,NA,NA,NA,NA,NA,NA,NA,NA,NA,NA
NA,NA,Bridgnorth,52,43,59,41,41,45,48,36,34,51,43,43
NA,NA,North Shropshire,61,51,50,43,49,59,41,37,39,60,49,63
NA,NA,Oswestry,43,26,29,24,34,37,33,31,30,33,32,27
NA,NA,Shrewsbury and Atcham,97,91,83,65,96,73,67,91,86,85,87,82
NA,NA,South Shropshire,46,45,34,35,34,34,41,29,38,38,44,49
NA,NA,NA,NA,NA,NA,NA,NA,NA,NA,NA,NA,NA,NA,NA
NA,Stoke-on-Trent UA,NA,229,203,196,193,202,197,167,168,188,178,178,212
NA,Telford and Wrekin UA,NA,145,118,120,93,98,114,103,97,111,107,105,109
NA,NA,NA,NA,NA,NA,NA,NA,NA,NA,NA,NA,NA,NA,NA
NA,Staffordshire,NA,720,616,684,618,633,654,567,622,580,556,672,669
NA,NA,Cannock Chase,74,51,66,73,65,71,46,70,65,56,69,74
NA,NA,East Staffordshire,101,76,94,72,90,89,82,84,73,80,84,73
NA,NA,Lichfield,105,75,81,71,71,81,74,78,74,69,72,68
NA,NA,Newcastle-under-Lyme,110,107,100,98,113,91,84,99,99,77,104,121
NA,NA,South Staffordshire,110,85,88,77,78,92,75,61,75,68,104,103
NA,NA,Stafford,103,101,116,112,92,97,85,105,81,103,105,93
NA,NA,Staffordshire Moorlands,70,76,94,71,73,79,81,84,71,70,84,84
NA,NA,Tamworth,47,45,45,44,51,54,40,41,42,33,50,53
NA,NA,NA,NA,NA,NA,NA,NA,NA,NA,NA,NA,NA,NA,NA
NA,Warwickshire,NA,497,411,487,374,372,424,366,351,372,332,400,437
NA,NA,North Warwickshire,53,54,62,37,38,60,58,37,57,35,60,66
NA,NA,Nuneaton and Bedworth,111,105,104,96,86,92,77,89,81,83,85,96
NA,NA,Rugby,94,87,68,56,78,64,57,66,65,64,69,67
NA,NA,Stratford-on-Avon,116,90,132,95,89,116,88,86,86,74,82,106
NA,NA,Warwick,123,75,121,90,81,92,86,73,83,76,104,102
NA,NA,NA,NA,NA,NA,NA,NA,NA,NA,NA,NA,NA,NA,NA
NA,West Midlands (Met County),NA,2419,1841,2100,1646,1925,1812,1745,1830,1838,1729,1930,2058
NA,NA,Birmingham,835,630,710,551,682,656,634,632,676,589,672,718
NA,NA,Coventry,273,204,239,202,200,198,178,221,231,201,241,242
NA,NA,Dudley,305,258,282,194,264,231,230,245,223,214,232,255
NA,NA,Sandwell,283,217,273,222,234,199,205,234,215,208,241,244
NA,NA,Solihull,197,158,147,134,153,137,136,144,129,131,156,167
NA,NA,Walsall,257,182,218,166,205,215,198,175,179,205,197,229
NA,NA,Wolverhampton,269,192,231,177,187,176,164,179,185,181,191,203
NA,NA,NA,NA,NA,NA,NA,NA,NA,NA,NA,NA,NA,NA,NA
NA,Worcestershire,NA,543,421,496,405,425,437,415,399,400,437,443,469
NA,NA,Bromsgrove,107,75,90,62,69,84,60,74,64,78,80,84
NA,NA,Malvern Hills,91,71,83,79,81,69,79,60,57,73,84,84
NA,NA,Redditch,74,46,66,51,48,48,54,63,46,56,40,52
NA,NA,Worcester,75,68,68,48,58,75,59,52,54,64,59,58
NA,NA,Wychavon,102,97,97,83,89,87,78,72,94,91,98,106
NA,NA,Wyre Forest,94,64,92,82,80,74,85,78,85,75,82,85
NA,NA,NA,NA,NA,NA,NA,NA,NA,NA,NA,NA,NA,NA,NA
EAST,NA,NA,5041,4086,4681,3892,4185,4248,3718,3963,4049,3872,4248,4578
NA,NA,NA,NA,NA,NA,NA,NA,NA,NA,NA,NA,NA,NA,NA
NA,Bedford UA 7,NA,119,96,94,78,105,118,109,109,105,99,105,132
NA,Former district of:,NA,NA,NA,NA,NA,NA,NA,NA,NA,NA,NA,NA,NA
NA,NA,Bedford,119,96,94,78,105,118,109,109,105,99,105,132
NA,NA,NA,NA,NA,NA,NA,NA,NA,NA,NA,NA,NA,NA,NA
NA,Central Bedfordshire UA 8,NA,169,143,165,142,161,154,126,151,154,137,165,155
NA,Former districts of:,NA,NA,NA,NA,NA,NA,NA,NA,NA,NA,NA,NA,NA
NA,NA,Mid Bedfordshire,77,65,77,79,71,75,60,73,75,71,71,71
NA,NA,South Bedfordshire,92,78,88,63,90,79,66,78,79,66,94,84
NA,NA,NA,NA,NA,NA,NA,NA,NA,NA,NA,NA,NA,NA,NA
NA,Luton UA,NA,140,113,127,116,100,81,94,88,119,103,112,116
NA,Peterborough UA,NA,135,126,119,97,106,139,108,102,123,113,113,145
NA,Southend-on-Sea UA,NA,174,142,151,135,145,152,132,133,133,121,148,156
NA,Thurrock UA,NA,110,89,102,86,86,102,86,97,106,97,96,85
NA,NA,NA,NA,NA,NA,NA,NA,NA,NA,NA,NA,NA,NA,NA
NA,Cambridgeshire,NA,416,393,407,320,397,421,351,360,354,368,364,399
NA,NA,Cambridge,61,69,65,52,57,68,59,51,54,77,53,81
NA,NA,East Cambridgeshire,72,59,41,50,60,59,53,64,57,49,54,59
NA,NA,Fenland,96,83,101,61,78,96,69,91,87,72,79,79
NA,NA,Huntingdonshire,97,98,113,92,120,94,98,90,86,85,100,91
NA,NA,South Cambridgeshire,90,84,87,65,82,104,72,64,70,85,78,89
NA,NA,NA,NA,NA,NA,NA,NA,NA,NA,NA,NA,NA,NA,NA
NA,Essex,NA,1287,1035,1228,989,1071,1059,961,1017,938,959,1062,1258
NA,NA,Basildon,144,114,142,105,111,115,105,104,99,117,121,130
NA,NA,Braintree,108,89,110,99,106,109,93,95,85,81,108,141
NA,NA,Brentwood,71,63,62,51,48,54,57,58,52,42,52,69
NA,NA,Castle Point,87,69,86,65,79,69,79,68,58,65,95,85
NA,NA,Chelmsford,127,109,123,119,105,104,85,103,92,119,114,124
NA,NA,Colchester,141,116,145,116,119,122,100,113,115,99,96,150
NA,NA,Epping Forest,125,89,116,82,85,91,76,104,86,84,93,108
NA,NA,Harlow,56,55,65,51,68,56,47,60,50,61,61,73
NA,NA,Maldon,66,42,57,48,46,31,53,57,45,33,48,58
NA,NA,Rochford,69,48,71,55,58,50,55,65,45,59,63,66
NA,NA,Tendring,234,177,188,148,181,202,158,148,171,156,159,187
NA,NA,Uttlesford,59,64,63,50,65,56,53,42,40,43,52,67
NA,NA,NA,NA,NA,NA,NA,NA,NA,NA,NA,NA,NA,NA,NA
NA,Hertfordshire,NA,871,696,829,698,681,716,620,701,746,648,742,760
NA,NA,Broxbourne,72,69,58,70,51,59,49,52,51,50,53,53
NA,NA,Dacorum,102,81,103,77,93,98,89,89,113,74,104,102
NA,NA,East Hertfordshire,102,87,90,73,75,69,78,75,71,67,90,74
NA,NA,Hertsmere,100,65,77,62,58,59,72,73,85,64,65,61
NA,NA,North Hertfordshire,119,83,118,98,101,98,83,93,97,115,105,93
NA,NA,St Albans,93,87,91,84,79,89,67,81,94,75,85,97
NA,NA,Stevenage,57,46,61,52,52,59,41,58,55,44,40,67
NA,NA,Three Rivers,78,55,65,61,61,53,54,59,47,55,71,74
NA,NA,Watford,60,48,70,41,39,57,40,56,59,48,57,58
NA,NA,Welwyn Hatfield,88,75,96,80,72,75,47,65,74,56,72,81
NA,NA,NA,NA,NA,NA,NA,NA,NA,NA,NA,NA,NA,NA,NA
NA,Norfolk,NA,891,722,826,705,741,742,650,680,712,683,722,795
NA,NA,Breckland,133,127,133,123,101,124,101,114,124,96,113,125
NA,NA,Broadland,128,110,132,112,108,92,79,93,86,118,114,109
NA,NA,Great Yarmouth,111,94,114,81,81,83,79,100,88,92,90,107
NA,NA,King’s Lynn and West Norfolk,170,123,137,126,146,144,118,106,133,131,121,132
NA,NA,North Norfolk,126,87,114,86,118,120,107,104,109,84,100,120
NA,NA,Norwich,108,98,95,81,79,85,80,81,90,85,85,95
NA,NA,South Norfolk,115,83,101,96,108,94,86,82,82,77,99,107
NA,NA,NA,NA,NA,NA,NA,NA,NA,NA,NA,NA,NA,NA,NA
NA,Suffolk,NA,729,531,633,526,592,564,481,525,559,544,619,577
NA,NA,Babergh,93,70,68,58,57,73,56,62,68,64,68,71
NA,NA,Forest Heath,53,31,41,39,36,41,29,30,41,41,38,35
NA,NA,Ipswich,122,83,99,70,119,88,75,73,95,73,100,89
NA,NA,Mid Suffolk,79,63,75,58,82,70,68,62,75,69,81,69
NA,NA,St Edmundsbury,83,62,93,80,65,67,63,86,71,68,89,73
NA,NA,Suffolk Coastal,166,104,139,104,110,109,94,105,118,111,116,118
NA,NA,Waveney,133,118,118,117,123,116,96,107,91,118,127,122
NA,NA,NA,NA,NA,NA,NA,NA,NA,NA,NA,NA,NA,NA,NA
LONDON,NA,NA,4783,3733,4197,3593,3734,3839,3448,3891,3755,3593,3890,4229
NA,NA,NA,NA,NA,NA,NA,NA,NA,NA,NA,NA,NA,NA,NA
NA,Inner London,NA,1546,1220,1396,1182,1287,1232,1107,1312,1174,1187,1234,1318
NA,NA,Camden,113,86,100,98,78,81,86,98,87,100,82,94
NA,NA,City of London,2,2,3,1,-,1,4,7,2,5,4,2
NA,NA,Hackney,85,81,91,97,92,83,66,96,66,89,83,80
NA,NA,Hammersmith and Fulham,103,89,74,74,77,63,71,87,73,64,81,81
NA,NA,Haringey,113,79,103,92,104,87,89,98,74,88,78,102
NA,NA,Islington,101,81,95,91,94,77,73,90,88,77,94,81
NA,NA,Kensington and Chelsea,91,54,76,61,75,70,50,68,49,77,57,86
NA,NA,Lambeth,140,107,129,100,123,120,90,117,115,98,108,108
NA,NA,Lewisham,172,135,157,120,114,134,116,138,143,108,131,139
NA,NA,Newham,135,95,107,92,100,93,92,99,109,96,89,124
NA,NA,Southwark,152,116,117,93,112,123,97,106,100,111,109,104
NA,NA,Tower Hamlets,96,73,106,70,96,76,75,87,74,75,103,82
NA,NA,Wandsworth,158,135,144,115,123,123,106,126,117,118,117,139
NA,NA,Westminster,85,87,94,78,99,101,92,95,77,81,98,96
NA,NA,NA,NA,NA,NA,NA,NA,NA,NA,NA,NA,NA,NA,NA
NA,Outer London,NA,3237,2513,2801,2411,2447,2607,2341,2579,2581,2406,2656,2911
NA,NA,Barking and Dagenham,131,82,121,95,88,94,97,85,93,99,114,119
NA,NA,Barnet,223,182,208,170,194,196,159,212,181,166,179,235
NA,NA,Bexley,209,139,180,129,138,146,148,132,177,130,142,177
NA,NA,Brent,135,105,124,128,108,125,105,143,125,121,122,130
NA,NA,Bromley,269,210,245,200,191,185,194,229,212,176,223,196
NA,NA,Croydon,233,198,193,167,183,194,168,189,212,190,217,221
NA,NA,Ealing,187,166,128,142,135,149,152,160,168,148,147,184
NA,NA,Enfield,200,162,181,136,143,143,145,135,156,128,147,170
NA,NA,Greenwich,169,103,129,129,119,155,107,124,124,103,145,136
NA,NA,Harrow,112,129,128,101,115,126,106,119,122,111,106,139
NA,NA,Havering,229,147,190,173,148,180,154,164,161,192,180,187
NA,NA,Hillingdon,186,143,173,123,136,152,138,125,145,147,137,175
NA,NA,Hounslow,155,116,132,107,104,120,93,117,115,122,103,119
NA,NA,Kingston upon Thames,108,92,89,74,89,76,73,74,60,85,106,103
NA,NA,Merton,114,96,96,104,96,104,99,89,95,86,95,97
NA,NA,Redbridge,190,125,148,139,155,144,112,139,134,138,150,159
NA,NA,Richmond upon Thames,100,90,96,83,100,109,82,107,101,64,105,116
NA,NA,Sutton,148,106,114,131,104,103,109,109,101,90,120,136
NA,NA,Waltham Forest,139,122,126,80,101,106,100,127,99,110,118,112
NA,NA,NA,NA,NA,NA,NA,NA,NA,NA,NA,NA,NA,NA,NA
SOUTH EAST,NA,NA,7879,5966,6869,5545,6310,6141,5271,5804,5926,5748,6161,6515
NA,NA,NA,NA,NA,NA,NA,NA,NA,NA,NA,NA,NA,NA,NA
NA,Bracknell Forest UA,NA,70,50,68,46,59,60,53,61,59,51,66,58
NA,Brighton and Hove UA,NA,227,187,187,149,163,175,145,154,182,154,184,174
NA,Isle of Wight UA,NA,197,141,136,117,123,145,105,137,129,126,121,124
NA,Medway UA,NA,218,157,170,166,181,178,141,154,158,165,160,165
NA,Milton Keynes UA,NA,159,135,148,118,124,122,118,125,129,105,121,148
NA,Portsmouth UA,NA,206,143,159,146,130,149,98,126,151,112,146,140
NA,Reading UA,NA,109,75,92,75,87,80,67,90,87,71,89,97
NA,Slough UA,NA,77,53,81,65,78,65,43,56,57,54,68,80
NA,Southampton UA,NA,192,147,141,126,131,152,117,150,134,143,155,162
NA,West Berkshire UA,NA,120,90,116,68,90,94,81,86,109,79,87,102
NA,Windsor and Maidenhead UA,NA,99,81,109,109,100,89,73,87,103,97,96,98
NA,Wokingham UA,NA,93,91,90,77,105,83,81,81,84,81,98,80
NA,NA,NA,NA,NA,NA,NA,NA,NA,NA,NA,NA,NA,NA,NA
NA,Buckinghamshire,NA,401,273,356,288,340,334,278,305,287,288,293,350
NA,NA,Aylesbury Vale,138,90,129,81,96,115,100,87,107,109,101,131
NA,NA,Chiltern,65,67,65,58,71,70,44,53,54,53,54,70
NA,NA,South Bucks,56,32,46,40,54,51,46,55,49,51,36,56
NA,NA,Wycombe,142,84,116,109,119,98,88,110,77,75,102,93
NA,NA,NA,NA,NA,NA,NA,NA,NA,NA,NA,NA,NA,NA,NA
NA,East Sussex,NA,692,500,542,461,543,499,423,475,491,481,520,512
NA,NA,Eastbourne,129,108,94,76,105,88,95,80,106,111,104,108
NA,NA,Hastings,102,79,88,85,90,71,65,79,72,79,94,84
NA,NA,Lewes,128,88,99,85,91,84,69,82,78,69,85,92
NA,NA,Rother,144,110,114,104,115,115,86,111,94,92,104,97
NA,NA,Wealden,189,115,147,111,142,141,108,123,141,130,133,131
NA,NA,NA,NA,NA,NA,NA,NA,NA,NA,NA,NA,NA,NA,NA
NA,Hampshire,NA,1107,881,1087,855,956,957,861,877,944,858,949,1065
NA,NA,Basingstoke and Deane,123,93,114,82,90,81,88,97,99,91,98,120
NA,NA,East Hampshire,93,97,98,86,89,90,81,66,81,89,82,95
NA,NA,Eastleigh,83,61,92,77,68,70,78,73,86,63,86,74
NA,NA,Fareham,116,79,89,83,87,90,87,81,92,96,97,94
NA,NA,Gosport,68,49,77,55,75,64,54,74,65,53,59,73
NA,NA,Hart,63,40,62,47,52,58,34,50,55,38,43,45
NA,NA,Havant,111,95,130,89,110,116,90,96,103,91,122,105
NA,NA,New Forest,190,169,185,142,167,178,171,142,144,166,159,185
NA,NA,Rushmoor,67,41,62,49,63,52,34,59,56,33,42,66
NA,NA,Test Valley,94,70,79,75,82,75,67,74,82,69,80,115
NA,NA,Winchester,99,87,99,70,73,83,77,65,81,69,81,93
NA,NA,NA,NA,NA,NA,NA,NA,NA,NA,NA,NA,NA,NA,NA
NA,Kent,NA,1414,1090,1260,962,1160,1130,977,1021,1038,1140,1173,1069
NA,NA,Ashford,97,72,87,64,84,70,60,74,71,82,62,65
NA,NA,Canterbury,127,102,138,117,129,138,101,109,125,128,145,122
NA,NA,Dartford,94,54,83,63,74,75,81,57,67,68,78,64
NA,NA,Dover,107,103,133,84,106,109,86,98,91,111,99,104
NA,NA,Gravesham,95,73,65,56,67,60,69,52,71,88,79,57
NA,NA,Maidstone,141,103,95,103,121,107,106,113,118,110,111,79
NA,NA,Sevenoaks,116,88,85,64,90,84,65,77,68,83,90,87
NA,NA,Shepway,122,93,116,83,99,92,75,83,84,113,101,98
NA,NA,Swale,135,96,124,72,92,95,71,99,89,87,103,97
NA,NA,Thanet,153,146,167,136,135,134,136,128,132,127,148,147
NA,NA,Tonbridge and Malling,107,79,94,63,88,90,65,64,62,76,73,72
NA,NA,Tunbridge Wells,120,81,73,57,75,76,62,67,60,67,84,77
NA,NA,NA,NA,NA,NA,NA,NA,NA,NA,NA,NA,NA,NA,NA
NA,Oxfordshire,NA,554,399,461,400,451,403,322,395,368,379,439,487
NA,NA,Cherwell,120,80,88,76,92,83,62,83,74,71,96,100
NA,NA,Oxford,98,75,83,70,83,76,70,85,64,69,74,102
NA,NA,South Oxfordshire,116,96,116,88,98,87,75,71,81,88,93,108
NA,NA,Vale of White Horse,114,90,87,89,90,84,58,78,79,84,98,93
NA,NA,West Oxfordshire,106,58,87,77,88,73,57,78,70,67,78,84
NA,NA,NA,NA,NA,NA,NA,NA,NA,NA,NA,NA,NA,NA,NA
NA,Surrey,NA,1045,752,882,702,804,755,695,740,728,684,773,859
NA,NA,Elmbridge,121,83,94,82,93,79,75,74,90,81,88,95
NA,NA,Epsom and Ewell,50,48,46,41,48,48,52,48,39,47,54,51
NA,NA,Guildford,103,78,97,68,88,78,70,73,73,57,85,94
NA,NA,Mole Valley,93,68,75,63,70,51,51,65,73,58,66,72
NA,NA,Reigate and Banstead,146,102,105,98,107,84,84,102,94,99,110,106
NA,NA,Runnymede,76,54,63,54,44,66,45,55,52,42,55,66
NA,NA,Spelthorne,92,70,92,55,77,63,64,65,60,64,70,95
NA,NA,Surrey Heath,75,49,66,55,61,66,55,71,44,49,43,58
NA,NA,Tandridge,77,64,71,45,67,64,56,60,69,59,72,63
NA,NA,Waverley,118,87,110,80,82,92,75,76,91,67,76,96
NA,NA,Woking,94,49,63,61,67,64,68,51,43,61,54,63
NA,NA,NA,NA,NA,NA,NA,NA,NA,NA,NA,NA,NA,NA,NA
NA,West Sussex,NA,899,721,784,615,685,671,593,684,688,680,623,745
NA,NA,Adur,64,67,70,42,49,48,48,56,56,55,67,68
NA,NA,Arun,224,156,188,151,165,164,144,175,165,163,139,163
NA,NA,Chichester,146,133,128,101,109,103,90,114,118,112,91,121
NA,NA,Crawley,83,56,71,62,55,68,46,56,55,62,49,69
NA,NA,Horsham,138,106,105,74,101,95,68,90,85,86,87,114
NA,NA,Mid Sussex,120,91,115,93,100,106,108,94,93,104,103,95
NA,NA,Worthing,124,112,107,92,106,87,89,99,116,98,87,115
NA,NA,NA,NA,NA,NA,NA,NA,NA,NA,NA,NA,NA,NA,NA
SOUTH WEST,NA,NA,5371,4107,4718,3871,4273,4323,3793,4088,4076,3889,4339,4534
NA,NA,NA,NA,NA,NA,NA,NA,NA,NA,NA,NA,NA,NA,NA
NA,Bath and North East Somerset UA,NA,153,125,141,120,124,141,129,122,117,134,121,133
NA,Bournemouth UA,NA,225,146,166,151,141,183,136,140,163,143,137,177
NA,"Bristol, City of UA",NA,334,240,302,260,278,254,235,300,257,267,277,286
NA,Cornwall UA 9,NA,604,466,506,397,487,455,408,433,446,463,490,488
NA,Former districts of:,NA,NA,NA,NA,NA,NA,NA,NA,NA,NA,NA,NA,NA
NA,NA,Caradon,96,77,76,53,74,72,81,80,76,70,84,67
NA,NA,Carrick,113,88,85,61,94,83,64,82,80,94,92,88
NA,NA,Kerrier,102,82,92,88,83,74,78,64,64,85,80,103
NA,NA,North Cornwall,91,66,73,66,64,62,73,62,86,81,76,86
NA,NA,Penwith,76,57,74,60,71,57,47,57,61,57,76,61
NA,NA,Restormel,126,96,106,69,101,107,65,88,79,76,82,83
NA,NA,NA,NA,NA,NA,NA,NA,NA,NA,NA,NA,NA,NA,NA
NA,Isles of Scilly UA 10,NA,3,1,4,2,1,1,1,3,1,2,-,1
NA,North Somerset UA,NA,232,177,194,155,159,189,160,193,188,171,196,200
NA,Plymouth UA,NA,233,185,241,172,180,197,148,167,177,149,184,203
NA,Poole UA,NA,147,118,125,111,126,142,119,120,116,122,142,136
NA,South Gloucestershire UA,NA,192,166,179,158,176,152,154,173,148,144,172,197
NA,Swindon UA,NA,136,143,155,104,127,157,104,124,128,115,151,161
NA,Torbay UA,NA,190,133,149,118,135,142,135,120,134,120,126,170
NA,Wiltshire UA 11,NA,422,300,407,317,357,320,304,322,331,320,382,356
NA,Former districts of:,NA,NA,NA,NA,NA,NA,NA,NA,NA,NA,NA,NA,NA
NA,NA,Kennet,74,47,67,53,53,66,38,62,60,42,56,51
NA,NA,North Wiltshire,127,84,96,94,97,77,82,83,109,78,106,94
NA,NA,Salisbury,106,88,122,94,115,82,92,77,81,97,107,107
NA,NA,West Wiltshire,115,81,122,76,92,95,92,100,81,103,113,104
NA,NA,NA,NA,NA,NA,NA,NA,NA,NA,NA,NA,NA,NA,NA
NA,Devon,NA,951,659,746,603,694,664,620,623,613,615,663,651
NA,NA,East Devon,201,141,154,119,134,143,125,143,138,132,154,146
NA,NA,Exeter,102,78,98,86,87,78,67,70,72,65,82,77
NA,NA,Mid Devon,90,45,73,50,65,58,64,51,60,50,58,64
NA,NA,North Devon,119,89,103,81,89,101,84,83,78,75,81,72
NA,NA,South Hams,116,67,71,70,66,68,61,78,58,68,67,83
NA,NA,Teignbridge,172,135,127,98,143,102,109,101,111,117,103,104
NA,NA,Torridge,93,60,67,55,61,66,62,61,52,51,68,54
NA,NA,West Devon,58,44,53,44,49,48,48,36,44,57,50,51
NA,NA,NA,NA,NA,NA,NA,NA,NA,NA,NA,NA,NA,NA,NA
NA,Dorset,NA,448,366,404,386,408,384,354,358,403,286,407,419
NA,NA,Christchurch,62,62,57,43,51,61,53,56,53,39,50,49
NA,NA,East Dorset,99,87,82,82,80,89,78,70,85,62,100,94
NA,NA,North Dorset,55,44,56,44,57,56,50,61,67,32,47,62
NA,NA,Purbeck,51,36,37,47,37,32,39,41,32,20,42,43
NA,NA,West Dorset,117,77,114,110,135,88,91,77,108,78,105,106
NA,NA,Weymouth and Portland,64,60,58,60,48,58,43,53,58,55,63,65
NA,NA,NA,NA,NA,NA,NA,NA,NA,NA,NA,NA,NA,NA,NA
NA,Gloucestershire,NA,547,462,514,432,431,496,382,450,412,395,452,497
NA,NA,Cheltenham,97,90,87,81,81,90,66,71,72,61,83,98
NA,NA,Cotswold,74,65,69,63,61,66,71,74,68,58,52,79
NA,NA,Forest of Dean,70,64,78,68,64,72,46,70,57,70,87,77
NA,NA,Gloucester,112,96,100,74,76,99,69,76,76,64,72,89
NA,NA,Stroud,118,80,102,84,97,97,65,89,79,76,95,93
NA,NA,Tewkesbury,76,67,78,62,52,72,65,70,60,66,63,61
NA,NA,NA,NA,NA,NA,NA,NA,NA,NA,NA,NA,NA,NA,NA
NA,Somerset,NA,554,420,485,385,449,446,404,440,442,443,439,459
NA,NA,Mendip,108,81,85,75,93,77,84,88,80,87,71,85
NA,NA,Sedgemoor,106,83,94,93,89,90,78,89,100,91,83,101
NA,NA,South Somerset,178,136,141,101,135,130,120,123,146,132,130,139
NA,NA,Taunton Deane,122,84,122,76,93,107,91,93,87,97,115,97
NA,NA,West Somerset,40,36,43,40,39,42,31,47,29,36,40,37
NA,NA,NA,NA,NA,NA,NA,NA,NA,NA,NA,NA,NA,NA,NA
WALES,NA,NA,3058,2545,2787,2347,2566,2506,2266,2359,2360,2379,2523,2730
NA,NA,NA,NA,NA,NA,NA,NA,NA,NA,NA,NA,NA,NA,NA
NA,NA,Isle of Anglesey,78,62,84,61,57,50,62,55,81,60,66,67
NA,NA,Gwynedd,129,87,122,93,100,86,91,95,82,81,93,114
NA,NA,Conwy,149,109,134,118,107,108,127,117,117,121,139,129
NA,NA,Denbighshire,113,87,97,94,85,72,69,76,109,84,90,96
NA,NA,Flintshire,147,112,124,92,109,104,97,105,111,111,106,121
NA,NA,Wrexham,136,98,128,107,93,94,94,105,90,95,102,105
NA,NA,Powys,133,123,128,107,130,106,122,127,112,110,107,121
NA,NA,Ceredigion,84,56,64,55,58,84,57,54,59,70,78,55
NA,NA,Pembrokeshire,137,101,113,93,102,111,104,109,104,112,93,124
NA,NA,Carmarthenshire,192,177,185,148,179,173,158,149,133,168,207,183
NA,NA,Swansea,241,201,221,191,200,217,161,171,185,191,205,230
NA,NA,Neath Port Talbot,171,148,128,101,165,134,108,123,126,135,130,132
NA,NA,Bridgend,146,135,130,114,115,109,91,112,128,112,116,142
NA,NA,The Vale of Glamorgan,95,82,91,101,103,106,79,80,92,78,95,102
NA,NA,Cardiff,246,212,258,203,242,232,198,207,174,187,211,239
NA,NA,"Rhondda, Cynon, Taff",228,220,207,184,237,217,195,190,164,173,215,221
NA,NA,Merthyr Tydfil,64,46,57,46,52,59,29,38,42,52,40,63
NA,NA,Caerphilly,184,147,165,133,121,141,122,121,139,136,125,138
NA,NA,Blaenau Gwent,88,69,83,61,64,64,56,60,63,60,66,57
NA,NA,Torfaen,74,91,81,85,65,61,61,85,72,79,70,89
NA,NA,Monmouthshire,76,84,70,74,62,79,68,76,79,66,67,79
NA,NA,Newport,147,98,117,86,120,99,117,104,98,98,102,123
NA,NA,NA,NA,NA,NA,NA,NA,NA,NA,NA,NA,NA,NA,NA
NA,NA,Non-residents of England & Wales,99,72,80,75,97,96,105,100,105,81,81,88
NA,NA,NA,NA,NA,NA,NA,NA,NA,NA,NA,NA,NA,NA,NA
Footnotes:,NA,NA,NA,NA,NA,NA,NA,NA,NA,NA,NA,NA,NA,NA
1,The deaths of those whose usual residence is outside England and Wales are included in 'total registrations' but excluded from any sub-division of England and Wales.,NA,NA,NA,NA,NA,NA,NA,NA,NA,NA,NA,NA,NA
NA,NA,NA,NA,NA,NA,NA,NA,NA,NA,NA,NA,NA,NA,NA
2,"County Durham UA comprises the former districts of Chester-le-Street, Derwentside, Durham, Easington, Sedgefield, Teesdale and Wear Valley (abolished 2009).",NA,NA,NA,NA,NA,NA,NA,NA,NA,NA,NA,NA,NA
3,"Northumberland UA comprises the former districts of Alnwick, Berwick-upon-Tweed, Blyth Valley, Castle Morpeth, Tynedale and Wansbeck (abolished 2009).",NA,NA,NA,NA,NA,NA,NA,NA,NA,NA,NA,NA,NA
4,"Cheshire East UA comprises the former districts of Congleton, Crewe and Nantwich and Macclesfield (abolished 2009).",NA,NA,NA,NA,NA,NA,NA,NA,NA,NA,NA,NA,NA
5,"Cheshire West and Chester UA comprises the former districts of Chester, Ellesmere Port & Neston and Vale Royal (abolished 2009).",NA,NA,NA,NA,NA,NA,NA,NA,NA,NA,NA,NA,NA
6,"Shropshire UA comprises the former districts of Bridgnorth, North Shropshire, Oswestry, Shrewsbury and Atcham and South Shropshire (abolished 2009).",NA,NA,NA,NA,NA,NA,NA,NA,NA,NA,NA,NA,NA
7,Bedford UA comprises the former district of Bedford (abolished 2009).,NA,NA,NA,NA,NA,NA,NA,NA,NA,NA,NA,NA,NA
8,Central Bedfordshire UA comprises the former districts of Mid Bedfordshire and South Bedfordshire (abolished 2009).,NA,NA,NA,NA,NA,NA,NA,NA,NA,NA,NA,NA,NA
9,"Cornwall UA comprises the former districts of Caradon, Carrick, Kerrier, North Cornwall, Penwith and Restormel (abolished 2009).",NA,NA,NA,NA,NA,NA,NA,NA,NA,NA,NA,NA,NA
10,The Isles of Scilly were recoded on 1 April 2009.  They are separately administered by an Isles of Scilly council and do not form part of Cornwall UA.,NA,NA,NA,NA,NA,NA,NA,NA,NA,NA,NA,NA,NA
11,"Wiltshire UA comprises the former districts of Kennet, North Wiltshire, Salisbury and West Wiltshire (abolished 2009).",NA,NA,NA,NA,NA,NA,NA,NA,NA,NA,NA,NA,NA
NA,NA,NA,NA,NA,NA,NA,NA,NA,NA,NA,NA,NA,NA,NA
Source: Office for National Statistics,NA,NA,NA,NA,NA,NA,NA,NA,NA,NA,NA,NA,NA,NA
